Date,Open,High,Low,Close,Volume,Market Cap
01-01-2023,16547.914397871536,16630.43900271543,16521.233430528962,16625.08055070908,9244361699.89,320025834692.4
31-12-2022,16603.67470264306,16628.986997303513,16517.519222395018,16547.49536601617,11239186456.23,318516317872.25
30-12-2022,16641.329824264532,16643.427409572592,16408.475176826076,16602.585155770088,15929162909.56,319559502979.58
29-12-2022,16552.322490686318,16651.75666380368,16508.683153231756,16642.342671885614,14472237478.79,320309344585.85
28-12-2022,16716.40022056822,16768.170355524755,16497.557038840765,16552.571736514474,17005713920.05,318567071312.32
27-12-2022,16919.291650123574,16959.846476047544,16642.073182208023,16717.17398012714,15748580239.21,321717198701.45
26-12-2022,16842.249310575324,16920.123640467442,16812.370075923343,16919.80517492847,11886957803.69,325604307791.2
25-12-2022,16847.505364105884,16860.553971121557,16755.253233558044,16841.98705228377,11656379938.06,324093186300.93
24-12-2022,16796.976619520563,16864.702878905566,16793.528184511397,16847.755265154647,9744636213.3,324190184505.64
23-12-2022,16829.643586035916,16905.219359989063,16794.459352221234,16796.952171216344,15329265212.56,323203056785.65
22-12-2022,16818.380287653727,16866.674326763485,16592.40745444739,16830.341423934446,16441573050.1,323831438044.37
21-12-2022,16904.527354049867,16916.79988236787,16755.91221318602,16817.53438655099,14882945044.81,323570505189.58
20-12-2022,16441.786800099886,17012.984705296407,16427.867238763847,16906.30521042145,22722096614.76,325263465984.55
19-12-2022,16759.04092682387,16807.526574065127,16398.136251675314,16439.679646162964,17221074813.55,316271488936.78
18-12-2022,16795.6092258732,16815.386575543896,16697.82003455788,16757.977403246638,10924354698.17,322379914497.22
17-12-2022,16646.982567247887,16800.590192749856,16614.02894738076,16795.09096721353,14463581825.22,323078968931.9
16-12-2022,17364.546443268817,17505.5250524957,16584.70139828051,16647.48347882862,24031608959.5,320225997953.71
15-12-2022,17813.644122701808,17846.744460573012,17322.590067121728,17364.864911262914,20964448340.77,334010450284.36
14-12-2022,17782.066878037138,18318.53058436097,17652.09831268358,17652.09831268358,25900123362.05,339521782853.53
13-12-2022,17206.440483921902,17930.086838900843,17111.76315246234,17781.318835459824,26634741631.05,341988994228.35
12-12-2022,17102.50064945091,17212.56387663098,16899.39378501017,17206.438300671838,19617581340.83,330914961275.37
11-12-2022,17129.71133330881,17245.635283908436,17091.819989740216,17104.192805716193,14122486832.21,328933297475.65
10-12-2022,17134.221365280508,17216.82559261347,17120.684322763056,17128.723710215563,12706781968.8,329389313682.63
09-12-2022,17232.148002630023,17280.546164948628,17100.836249754095,17133.1520141413,20328426366.41,329458400093.47
08-12-2022,16847.350249703974,17267.91576301951,16788.783823541482,17233.474019915124,20496603769.86,331370511897.98
07-12-2022,17089.506270186645,17109.377493895725,16750.55813442861,16848.127628900518,19675404388.75,323943465219.08
06-12-2022,16975.23912418603,17091.86417510719,16939.922348926935,17089.503706009797,19889922369.03,328566216152.49
05-12-2022,17128.894080449645,17378.15331028325,16922.431868759784,16974.825665133598,22209086834.09,326346115859.9
04-12-2022,16908.170477079635,17157.767239586625,16903.439827645885,17130.485947216774,16824520830.08,329323845088.74
03-12-2022,17090.098485075916,17116.04080553255,16888.140807160373,16908.236795124038,16217776703.79,325037180854.75
02-12-2022,16968.683261479262,17088.660409402313,16877.88159587772,17088.660409402313,19539705127.46,328491679165.28
01-12-2022,17168.002137625317,17197.49725344472,16888.38788761444,16967.13366710075,22895392882.21,326142124579.08
30-11-2022,16445.47748855228,17190.93827300782,16445.47748855228,17168.56554848644,29523576583.08,329997633644.39
29-11-2022,16217.639903770933,16522.257470665474,16139.396275247083,16444.98327002905,23581685467.5,316074930082.57
28-11-2022,16440.222087898794,16482.933543310384,16054.53021534078,16217.322467641055,27743025156.05,311686396568.46
27-11-2022,16463.883171590274,16594.405472441995,16437.02533441152,16444.626834548457,20443898508.94,316040534591.72
26-11-2022,16521.577024910126,16666.862927005834,16416.228690260028,16464.281079365555,18000008764.22,316404791284.87
25-11-2022,16602.269516497403,16603.31699288261,16388.40495351409,16521.84101896077,18678255975.67,317499392769.32
24-11-2022,16611.637672358618,16771.47524317893,16501.76805488462,16604.46501795427,26129037414.48,319074189335.14
23-11-2022,16195.588669774414,16638.19248653868,16170.502495775037,16610.7064149352,32958875628.23,319180537510.23
22-11-2022,15782.301230536288,16253.047746702146,15656.606060116139,16189.769531934091,30726828760.3,311078520948.59
21-11-2022,16291.223799578982,16291.223799578982,15599.047175382899,15787.284094521752,37429485517.93,303332140406.92
20-11-2022,16712.920458367662,16746.780157269564,16248.692829299347,16291.8324676929,21313378651.69,313012826679.9
19-11-2022,16696.219905182574,16797.87699736105,16570.410748351132,16711.547793796504,16106223491.51,321061621175.61
18-11-2022,16687.911575071244,16947.05840111188,16564.61168003081,16697.77766778654,26862218608.57,320781106962.52
17-11-2022,16670.426756200326,16726.438844788194,16460.68348704278,16687.51795054106,27868914021.95,320570440520.86
16-11-2022,16884.341187944265,16960.29517836233,16430.111281780155,16669.44014477405,33925512988.62,320208159886.93
15-11-2022,16617.484737989726,17051.96196720474,16542.55126721595,16884.613907054605,36599436182.62,324326299579.98
14-11-2022,16352.028563420386,17109.323354054974,15872.941612674758,16618.199228890797,49630243054.06,319192915033.18
13-11-2022,16799.722291055714,16920.766400155015,16320.635153276064,16353.365717176099,27209183682.26,314093257178.25
12-11-2022,17036.875408441774,17066.675491252296,16651.774769724314,16799.184738399876,29717699419.42,322642084634.09
11-11-2022,17583.252430510052,17650.94405254207,16543.482390135327,17034.29313471333,55871616488.33,327139766936.22
10-11-2022,15883.15822691518,18054.311779066138,15834.018093252147,17586.77144954725,83202283720.96,337735690619.8
09-11-2022,18543.761249619893,18590.459569580897,15682.692842780652,15880.779849172332,102905151606.28,304958504278.2
08-11-2022,20600.67274715879,20664.60652029959,17603.54436900462,18541.271853223814,118992465606.57,356030188152.67
07-11-2022,20924.62048404909,21053.246149529263,20489.973343695598,20602.816725269906,53510852236.18,395596352770.07
06-11-2022,21285.056663911386,21345.37679278884,20920.19068403618,20926.485973821505,35082693210.3,401792318391.34
05-11-2022,21144.83146578881,21446.886096690843,21097.635417108453,21282.69129591641,37846047609.23,408613690153.42
04-11-2022,20208.7694981217,21209.561042305395,20188.0187146493,21147.229732238487,64072727949.72,405992446610.67
03-11-2022,20162.689227896553,20382.096320645098,20086.24090339057,20209.987415003863,43228750179.43,387983112928.37
02-11-2022,20482.959693755372,20742.811011066202,20087.134483620648,20159.503067104524,55552169483.42,386993271473.89
01-11-2022,20494.897622939236,20647.289720357683,20359.845479716354,20485.273243090294,39819303159.15,393230695987.89
31-10-2022,20633.696071095317,20795.321223177747,20287.459087988613,20495.774232032527,45668466815.41,393413045572.67
30-10-2022,20817.982251842404,20917.006239851922,20547.46342477446,20635.603747684276,31486345555.64,396075135322.21
29-10-2022,20595.103841969667,20988.394470423613,20566.484616724767,20818.47616443884,40369840645.23,399567972100.27
28-10-2022,20287.956094786256,20724.98029964302,20086.06823011306,20595.35193660123,43994715910.3,395266756395.28
27-10-2022,20772.803027102687,20854.044215933114,20255.373144335506,20285.836775701682,49625110402.03,389306507854.33
26-10-2022,20092.23718809519,20938.133812687523,20076.11777157532,20770.441271629403,58895950537.09,398588922090.83
25-10-2022,19344.96442021395,20348.41158417784,19261.44712585322,20095.85645544717,47761524909.94,385624152241.56
24-10-2022,19567.769580384924,19589.124575528083,19206.324306708124,19345.57234828513,30202235804.59,371211779873.32
23-10-2022,19207.734650775248,19646.651541546595,19124.19696484497,19567.00739805294,22128794335.13,375444263357.02
22-10-2022,19172.380608580974,19248.067672211775,19132.243193413342,19208.190246004346,16104440957.47,368541303588.26
21-10-2022,19053.203045616505,19237.385606151693,18770.97006051153,19172.46921726924,32459287865.69,367839754255.23
20-10-2022,19138.08505687014,19315.19896864566,18971.458649274926,19053.740240536765,24493974419.53,365543015077.49
19-10-2022,19335.02644145188,19348.416809620576,19127.688369957425,19139.534351389357,22425387183.91,367171621206.39
18-10-2022,19550.466742932043,19666.995005967685,19144.770176278835,19334.41514998285,30580012344.21,370891718468.24
17-10-2022,19268.562102307453,19635.802281363132,19173.33472358563,19550.75729991318,27472552998.34,375024092833.74
16-10-2022,19068.91355993786,19389.6035200638,19068.91355993786,19268.092800861934,17988916650.36,369584293835.81
15-10-2022,19185.437303811446,19212.54160761659,19019.250125219165,19067.635082288427,16192235531.97,365722351004.5
14-10-2022,19382.53397217804,19889.146270975412,19115.407318499372,19185.65670032703,38452356726.7,367967465552.59
13-10-2022,19156.96661332697,19453.32797149125,18319.822629614115,19382.904033633087,44219840003.89,371731749298.26
12-10-2022,19052.64578600759,19203.198651051654,19029.758329129058,19157.446286852537,24950173846.05,367391447229.96
11-10-2022,19138.999877483147,19241.96023569531,18925.603221817615,19051.41826947727,28711532910.3,365340817941.08
10-10-2022,19446.416225133773,19515.467287660194,19102.979239623415,19141.483505012173,27425022773.59,367049182259.43
09-10-2022,19417.479411166132,19542.538653542095,19349.25895339935,19446.426194132677,16837262532.25,372876821416.38
08-10-2022,19546.328837739784,19601.695455117493,19299.41361902811,19416.567849523348,16437423166.71,372284398575.26
07-10-2022,19957.55908041741,20041.085579829185,19395.79324021193,19546.849710149883,29227315390.11,374761116006.47
06-10-2022,20161.03843820979,20408.391839881628,19900.088532978476,19955.443672368598,34711412966.17,382574032285.78
05-10-2022,20335.899579376473,20343.748520269062,19801.800661202462,20160.716171606804,33223790572.36,386489739242.67
04-10-2022,19623.584689448744,20380.344182520283,19523.840123958253,20336.842949206013,35887278684.83,389843287588.34
03-10-2022,19044.067849811498,19653.542952904896,19025.226285446846,19623.580334555998,30484729488.71,376151028151.32
02-10-2022,19311.848708225836,19370.309280933485,18970.620583252872,19044.107272371097,20765955327.49,365024821953.69
01-10-2022,19431.10494591723,19471.15486711021,19231.0818744273,19312.094732131416,18719537669.88,370142714486.9
30-09-2022,19573.431421230798,20109.85030130757,19265.66239970878,19431.78944659943,43975248084.73,372414733487.45
29-09-2022,19427.780190523128,19589.26621148917,18924.353453070675,19573.05031400065,41037843771.3,375100872175.06
28-09-2022,19104.620789502645,19688.344373336102,18553.297357607673,19426.721331678913,53071298733.51,372279603227.33
27-09-2022,19221.84071275122,20338.455461136455,18915.668722274404,19110.546550991752,58571439618.96,366202733264.3
26-09-2022,18803.90063289787,19274.87349825737,18721.285851353183,19222.67218417039,44148798320.6,368335944295.86
25-09-2022,18936.31151524196,19134.73319426829,18696.46830381677,18802.097975676545,23359966112.45,360259346858.07
24-09-2022,19296.990703569038,19310.19760761166,18861.973998958467,18937.01117567154,26149643167.68,362826506171.96
23-09-2022,19412.39992542163,19464.67234839256,18617.55300989774,19297.637840008694,38896078052.07,369718966324.75
22-09-2022,18534.64959547727,19456.91090106223,18415.591496855097,19413.55162082187,41135767926.23,371923967755.44
21-09-2022,18891.282889531798,19674.630331478547,18290.31518822502,18547.39975982615,46363793974.56,355314855623.96
20-09-2022,19545.591275415263,19602.45674588385,18813.455010972895,18890.78909636913,36791346508.26,361876433047.07
19-09-2022,19418.571421509565,19639.47973254867,18390.3187095743,19544.12924967429,40177002623.56,374373522207.39
18-09-2022,20127.23394762749,20127.23394762749,19387.491347831052,19419.506190766973,31254779143.63,371970445843.4
17-09-2022,19777.03402833151,20162.532021771345,19777.03402833151,20127.576657178884,24957448100.3,385513277844.78
16-09-2022,19704.005440526256,19870.62976581665,19400.075449303535,19772.58420556779,30123362272.94,378693173324.34
15-09-2022,20242.289908387913,20318.166391880794,19636.733774286808,19701.209962566052,36389011503.32,377311288517.09
14-09-2022,20184.555325164954,20467.201432782444,19793.396718166267,20241.089801830654,37872380889,387631908834.78
13-09-2022,22371.48063978407,22673.819766285604,20062.670699488786,20296.70781387527,51091116621.52,388682319976.46
12-09-2022,21770.14813305873,22439.181008979318,21603.895779278708,22370.448649932,50212088965.2,428373958242.42
11-09-2022,21678.543569706628,21770.55319063439,21406.944641111553,21769.256339556683,34493951963.3,416840289162.08
10-09-2022,21376.91171453879,21760.275770575212,21168.721721800943,21680.53941342801,36913738894.15,415117548315.38
09-09-2022,19328.139929463316,21439.409317162346,19310.962575438858,21381.15285528657,48469528170.65,409363809141.16
08-09-2022,19289.940569121,19417.35159322524,19076.714523463485,19329.834933426577,32194477849.95,370071738762.96
07-09-2022,18837.683320773453,19427.172670784956,18644.467227058507,19290.32387359376,35239757133.88,369299496559.04
06-09-2022,19817.724065572373,20155.268716860086,18800.171655066068,18837.66771237502,43403978910.41,360616650169.4
05-09-2022,19988.789818433175,20031.160251574245,19673.04733875358,19812.37147875423,28813460025.44,379258182345.46
04-09-2022,19832.47129556646,19999.689645047867,19636.81657365489,19986.713839219963,25245861651.62,382576542382.13
03-09-2022,19969.718346916892,20037.010648596926,19698.35519233295,19832.08772933853,23613051457.08,379595440556.6
02-09-2022,20126.072780901522,20401.56763327601,19814.766048983613,19969.771177460185,29123998927.55,382212933183.84
01-09-2022,20050.498669841865,20198.391198499645,19653.968458882307,20127.140269430896,30182031009.86,385208305831.58
31-08-2022,19799.581315787203,20420.990420175203,19799.581315787203,20049.76318937261,33225232872.06,383710102294.98
30-08-2022,20298.61208082999,20542.644969647983,19617.64095004422,19796.80940241047,34483360282.77,378850670474.32
29-08-2022,19615.153362859797,20357.463233457594,19600.785034825636,20297.994635306477,32637854077.72,388422039679.33
28-08-2022,20041.03480395418,20139.05423328289,19616.814984443863,19616.814984443863,24366810590.82,375367382007.85
27-08-2022,20262.480311022402,20340.774563673953,19890.523328250318,20041.73845305508,30116729775.56,383478483268.59
26-08-2022,21596.085314556974,21804.908008099064,20199.48338389128,20260.018649424077,42326789563.56,387636192940.59
25-08-2022,21395.458389989148,21789.636836285154,21362.441259908275,21600.905141669937,31028679593,413267825941.47
24-08-2022,21526.455593085484,21783.07572274634,21195.006694910768,21395.02007149252,31962253368.02,409308514098.09
23-08-2022,21401.045669959727,21646.203761836543,20955.138156081837,21528.08737168398,31878280659.1,411833237128.08
22-08-2022,21531.46384880662,21531.46384880662,20939.18417270787,21398.9083503016,31666498757.58,409340103013.27
21-08-2022,21160.392783176445,21668.84590773835,21103.196808425557,21534.121230814173,23102307723.19,411906673576.29
20-08-2022,20872.842173501398,21350.806299165055,20856.731335579087,21166.060396104986,27595671000.41,404848126556.26
19-08-2022,23213.31324159989,23213.31324159989,20868.84743863899,20877.553692219353,40509610259.78,399309311305.82
18-08-2022,23341.038978010583,23563.831593730618,23177.602469968748,23212.739077042832,23747613147.14,443947256035.75
17-08-2022,23881.315512357407,24407.0579067141,23243.3544559916,23335.99822236052,30931623076.08,446283604019.97
16-08-2022,24126.136482577618,24228.415611524542,23733.499329500355,23883.290546734555,27753685645.65,456730745422.92
15-08-2022,24318.31548303852,25135.590396068576,23839.77497510362,24136.972424664084,35123501684.8,461560003436.79
14-08-2022,24429.05743708156,24974.914208849306,24206.259772394627,24319.333922599963,22994133555.22,465024405299.05
13-08-2022,24402.18747061798,24860.050358193625,24346.114712721206,24424.06783115068,22987346288.83,467007252128.58
12-08-2022,23957.20306053137,24412.566105595215,23657.265304318324,24402.818505755808,27265804687.74,466578839477.74
11-08-2022,23948.34612720597,24822.62968261603,23900.996865780264,23957.530194268213,37127036580.1,458043109398.07
10-08-2022,23162.89884942404,24127.414416091215,22771.520469828967,23947.643425349972,32837431721.55,457833729141.91
09-08-2022,23811.483521591905,23898.615369544197,22981.999927379937,23164.317986281327,23555719218.86,442835162483.49
08-08-2022,23179.527049985405,24203.6888656304,23176.547253281602,23809.487114518823,28575544847.49,455148536623.69
07-08-2022,22963.506243621858,23359.00907631459,22894.556235250388,23175.89084908056,15886817042.79,443014963855.4
06-08-2022,23291.42406079369,23326.561622217032,22961.278967129132,22961.278967129132,15978259884.75,438890198160.7
05-08-2022,22626.833391275144,23422.827696113807,22612.178514574123,23289.314277414138,28881249043.31,445137234251.88
04-08-2022,22848.214384500436,23198.01010723992,22485.700655571534,22630.956732133352,25120229769.19,432532599006.89
03-08-2022,22981.302705754573,23578.65044450395,22747.836440439187,22846.50705797548,26288169966.18,436633304289.21
02-08-2022,23308.43417279304,23415.04132917102,22710.083979637155,22978.116592947506,28389250717.43,439128030641.55
01-08-2022,23336.71805186043,23464.78627722442,22890.796021169328,23314.199432537094,25849159140.74,445527356895.96
31-07-2022,23652.069662121907,24121.64257825973,23275.702500450712,23336.895604984285,23553591896.25,445941074223.04
30-07-2022,23796.81861062155,24572.579421746883,23580.508484479444,23656.207025584175,28148218300.58,452020722098.65
29-07-2022,23845.212373894152,24294.78645683116,23481.173139669118,23804.633234567213,35887249745.78,454837507676.2
28-07-2022,22933.641248968772,24110.469919684925,22722.265123275796,23843.88620773817,40212386157.74,455565748691.77
27-07-2022,21244.16955918891,22986.529403004854,21070.8061258165,22930.548445700042,31758955233.31,438095993233.22
26-07-2022,21361.12187130348,21361.12187130348,20776.81608248064,21239.754379825084,28624673855.33,405770108604.64
25-07-2022,22607.155546771657,22649.12136656825,21361.64345454413,21361.700521903997,35574561406.16,408078695877.99
24-07-2022,22465.509266066096,22974.002672175862,22306.840180484956,22609.164770669046,23565495302.99,431888879541.1
23-07-2022,22706.983427210867,22977.21100155044,22002.91061482952,22465.477627424836,24021799168.58,429122209145.36
22-07-2022,23163.75206257678,23671.928528423792,22603.415100676466,22714.979148228704,31421555645.94,433866028177.06
21-07-2022,23233.20197091283,23388.322172163498,22431.149394530777,23164.62875470473,33631012203.97,442435421338.91
20-07-2022,23393.192011630057,24196.81921397772,23009.94976320096,23231.731965117207,42932549127.33,443696738856.27
19-07-2022,22467.85009614443,23666.962253708287,21683.406376392304,23389.43284647952,48765202697.15,446690803766.25
18-07-2022,20781.911503996675,22633.03343622373,20781.911503996675,22485.68925217611,39974475561.94,429412153274.1
17-07-2022,21195.041213834647,21600.640119359858,20778.17987522355,20779.344539850914,22927802082.64,396808327004.88
16-07-2022,20834.10412942899,21514.403330219422,20518.898781973472,21190.315667621857,24302954056.04,404639672831.08
15-07-2022,20573.156297917543,21138.243327044824,20396.999134385405,20836.32864452433,25905575358.62,397861215081.44
14-07-2022,20211.465955545355,20789.893672194154,19689.258743333994,20569.920061528435,31158743333.4,392755738689.37
13-07-2022,19325.972724650128,20223.05264789267,18999.953131778995,20212.073498093006,33042430345.48,385908229967.86
12-07-2022,19970.475022939816,20043.445406663748,19308.53061690194,19323.914856106,25810220017.7,368936762200.6
11-07-2022,20856.35296768496,20856.35296768496,19924.53979689857,19970.55659323297,24150249024.63,381264246558.41
10-07-2022,21591.080802162654,21591.080802162654,20727.123494757994,20860.449393062256,28688807249.03,398237577323.43
09-07-2022,21716.82858548147,21877.13932171291,21445.956235320387,21592.206074330286,29641127858.06,412185216767.56
08-07-2022,21637.15505158262,22314.94053740856,21257.453547475034,21731.116583397274,49899834488.21,414819851681.33
07-07-2022,20547.81424115234,21771.816553089335,20296.10312229111,21637.587750243652,25814972520.24,413013947459.11
06-07-2022,20194.61949892409,20595.5296078308,19823.511202801477,20548.245871969462,24598943708.23,392200896304.73
05-07-2022,20225.353436423593,20635.467741024517,19341.2331538775,20190.11466952338,26715546990.31,385349780369.64
04-07-2022,19297.314185582756,20258.74720981727,19063.06619536857,20231.26151180262,21594638208.11,386119553712.38
03-07-2022,19242.094762817593,19558.268865803522,18966.9506341661,19297.07608279282,16390821947.43,368272636367.55
02-07-2022,19274.836282974753,19371.747657421627,19027.081355102553,19242.255580240962,18100418739.96,367208487556.97
01-07-2022,19820.4704741998,20632.67126128102,19073.70840475144,19269.366685909754,30767551158.55,367709366218.78
30-06-2022,20108.312337630447,20141.160360999285,18729.656227933654,19784.72649462487,26267239923.25,377526215552.49
29-06-2022,20281.16946117985,20364.156096733765,19937.791078366947,20104.023177781735,23552740327.93,383598071095.42
28-06-2022,20731.544346385122,21164.424097254392,20228.81157923465,20280.635650145767,21381535160.78,386949194397.61
27-06-2022,21028.238226728357,21478.089363806357,20620.198507384866,20735.4779474249,20965695707.02,395606854741.09
26-06-2022,21496.494739785347,21783.724765832852,21016.268806192104,21027.29530880669,18027170496.51,401157940864.2
25-06-2022,21233.60987142278,21520.914637649694,20964.585007603713,21502.338688026244,18372538715.34,410202265385.35
24-06-2022,21084.648061790565,21472.917912877045,20777.51158032888,21231.65577144455,24957784918.21,405018505024.32
23-06-2022,19986.60710158103,21135.762237054718,19950.11622522559,21085.877161242155,26188097172.81,402219959760.78
22-06-2022,20719.413927210015,20835.7503482133,19848.078667628237,19987.029049379726,28574793477.85,381240087223.77
21-06-2022,20594.29483720139,21620.628520289953,20415.061882275015,20710.59710173896,28970212744.12,395025644879.73
20-06-2022,20553.37025443907,20913.32190242419,19689.169511010365,20599.537964795574,30818458597.14,392888024958.72
19-06-2022,19010.902084120167,20683.821565938004,18067.151918689964,20553.271821747236,35329942624.94,391988917193.6
18-06-2022,20473.424978931507,20736.04106091547,17708.62371258959,19017.64235502154,42009436760.13,362685324229.12
17-06-2022,20385.718710143447,21243.312042088248,20326.518564526363,20471.48189249138,27132421513.81,390391528176.49
16-06-2022,22576.30534618698,22868.921135556324,20265.225711910054,20381.651212902376,31183975653.76,388664840556.76
15-06-2022,22196.730183479227,22642.672354628117,20178.376040590578,22572.839823190214,54912007015.02,430432160005.57
14-06-2022,22487.98717509208,23018.95076541317,20950.818279717838,22206.79279005828,50913575242.48,423429131864.08
13-06-2022,26737.577660148556,26795.589817594573,22141.257540705854,22487.387925845906,68204556439.95,428759852105.36
12-06-2022,28373.514252249453,28502.685070937976,26762.649037903913,26762.649037903913,34163220273.81,510252464820.78
11-06-2022,29084.666534527954,29401.916296204832,28236.21191690781,28360.81135854195,27246574438.64,540698499860.06
10-06-2022,30110.329519902793,30245.80862377711,28978.147053164477,29083.80472095406,29867476526.98,554455834485.63
09-06-2022,30215.278974580273,30609.310488057887,30020.264843224537,30111.99792242348,21692004719.49,574029141738.88
08-06-2022,31151.47989466442,31253.690860741604,29944.403480882345,30214.356242025027,30242059107.41,575953219487.92
07-06-2022,31371.741259994265,31489.68325235748,29311.683556257496,31155.478701849763,40770974039.33,593857882016.71
06-06-2022,29910.283723596356,31693.290111480805,29894.187330177796,31370.67194769253,31947336828.66,597927548347.45
05-06-2022,29835.118131770243,30117.743447499455,29574.44953148884,29906.66174779145,17264085440.89,569996838236.88
04-06-2022,29706.13957253697,29930.56394690468,29500.006349806423,29832.91422532441,16588370958.43,568564420350.11
03-06-2022,30467.806839606732,30633.0344757636,29375.68930208833,29704.39135706927,26175547451.56,566088081691.13
02-06-2022,29794.890079780234,30604.734858675947,29652.704983348918,30467.487741434237,29083562061.06,580603466872.23
01-06-2022,31792.553808712884,31957.28431704381,29501.58852322552,29799.07971351946,41135817340.95,567842680885.87
31-05-2022,31723.865101541804,32249.8639341789,31286.154345562893,31792.30994327541,33538210634.3,605797887876.49
30-05-2022,29443.365710983147,31949.631618311843,29303.57163307404,31726.390685865343,39277993273.94,604513442525.64
29-05-2022,29019.867414131473,29498.008838957343,28841.1064887385,29445.957623920815,18093886409.16,561034743433.25
28-05-2022,28842.10384461052,29135.918257859845,28554.566019387643,29023.488039265318,19252320707.98,552958193308.48
27-05-2022,29251.14086372044,29346.94302479706,28326.6136487276,28627.574853158603,36582005748.16,545388222663.76
26-05-2022,29564.77651079689,29834.1592888614,28261.905708844828,29267.224671230382,36774325352.43,557547946793.11
25-05-2022,29653.13529361965,30157.784534524566,29384.94934912083,29562.361265546424,27525063551.25,563145244691.91
24-05-2022,29101.125294324578,29774.354720265386,28786.58945179277,29655.586132840046,26616506244.9,564895173841.06
23-05-2022,30309.39648000864,30590.58648372533,28975.559609371285,29098.909745734014,31483454556.82,554268758109.31
22-05-2022,29432.47239860644,30425.860513000865,29275.182764065477,30323.721895269387,21631532269.67,577568895835.72
21-05-2022,29199.859006567556,29588.86881493893,29027.39381829347,29432.22596348109,17274840441.5,560565793081.53
20-05-2022,30311.1193461763,30664.976367000887,28793.606033677137,29200.74008778331,30749382604.8,556131920268.79
19-05-2022,28720.358563128946,30430.75223095906,28708.955041826557,30314.33495349838,33773447706.67,577316228899.3
18-05-2022,30424.479222550304,30618.715981160993,28720.271399745423,28720.271399745423,31285268318.53,546936441379.51
17-05-2022,29862.408192941577,30694.490950877018,29570.3019001848,30425.85727679598,29101473475.43,579391415566.42
16-05-2022,31304.37414424804,31305.342598683896,29251.885558139827,29862.918241291864,32613897286.17,568643328349.1
15-05-2022,30098.5866261369,31308.191358262855,29527.740370719108,31305.1125686764,25835372064.61,596074575228.33
14-05-2022,29285.643002871293,30192.803193508684,28702.909534184142,30101.266445984806,28579868619.98,573129618194.88
13-05-2022,29030.910391071633,30924.80271762161,28782.329657733702,29283.103811543002,42841124537.45,557525025253.19
12-05-2022,28936.7339259087,30032.43894846538,26350.49017422479,29047.751003853846,66989173272.36,553017241734.59
11-05-2022,31016.18275233353,32013.401492754638,28170.41308586389,28936.35503111219,70388855817.93,550870071633.8
10-05-2022,30273.65421884102,32596.30783592046,29944.802737422022,31022.905412225315,59811038817.27,590565398299.36
09-05-2022,34060.01548161972,34222.07332341665,30296.953400053055,30296.953400053055,63355494961.42,576716899022.88
08-05-2022,35502.940203830294,35502.940203830294,33878.96456920589,34059.26425058788,36763041910.24,648302121215.01
07-05-2022,36042.503693993414,36129.92552042527,34940.82467333436,35501.9541442019,24375896405.9,675729532873.68
06-05-2022,36573.18235500367,36624.35959600261,35482.13274405791,36040.92235015236,37795577489.27,685953792235.64
05-05-2022,39695.74635071903,39789.2830202912,35856.51610610817,36575.142132703,43106256317.32,696088266356.37
04-05-2022,37748.0118484619,39902.95021365111,37732.06019665954,39698.370619674235,36754404490.11,755491473700.31
03-05-2022,38528.110038067374,38629.99497421899,37585.62031266239,37750.45391529953,27326943244.26,718385701942.79
02-05-2022,38472.1871454262,39074.9717589518,38156.561903313595,38529.327800897685,32922642425.83,733170725790.51
01-05-2022,37713.26508974102,38627.85750486399,37585.787372875384,38469.09390254249,27002760109.78,731986764311.88
30-04-2022,38605.858805370524,38771.20999187337,37697.94277909221,37714.87554529895,23895713731.28,717596901508.72
29-04-2022,39768.61581999673,39887.26821136156,38235.536550855366,38609.82319333789,30882994649.3,734589762489.81
28-04-2022,39241.42852522164,40269.465120737244,38941.42258133039,39773.82836756587,33903704906.51,756698317681.63
27-04-2022,38120.302630877784,39397.917135592856,37997.31163135793,39241.12275076347,30981015184.24,746531438328.55
26-04-2022,40448.42267445845,40713.88956797172,37884.986010577886,38117.46250783485,34569088415.86,725113482674.14
25-04-2022,39472.60737229702,40491.75379870282,38338.376963269766,40458.308964552205,35445730570.23,769607056243.23
24-04-2022,39478.37343720399,39845.9247429991,39233.540939626706,39469.293555833974,17964398167.08,750755023763.86
23-04-2022,39738.723269661496,39935.860651406445,39352.20302435144,39486.728711324504,16138021249.44,751045477435.14
22-04-2022,40525.861918239076,40777.758643666486,39315.41841144436,39740.3198538771,28011716744.78,755827581232.71
21-04-2022,41371.51504679231,42893.58020438128,40063.8286699322,40527.36408353853,35372786395.42,770762297842.52
20-04-2022,41501.744242424924,42126.300130217234,40961.09755199008,41374.37820120313,27819532341.16,786828424698.83
19-04-2022,40828.174203435905,41672.961756564466,40618.6341947153,41502.7504194207,25303206546.84,789227424712.82
18-04-2022,39721.202915300324,40986.31882987122,38696.19151822743,40826.21438560206,33705182071.98,776330593865.92
17-04-2022,40417.77626722159,40570.72778471566,39620.89360089835,39716.95422583571,19087633042.29,755201997822.58
16-04-2022,40552.31769418768,40633.68070547016,40078.42550458377,40424.48329332248,16833150693.09,768615440639.72
15-04-2022,39939.40395993831,40617.72080256418,39866.830396352045,40553.46327188841,21756855752.62,771033872659.18
14-04-2022,41160.21914540542,41451.48013533586,39695.744431167535,39935.51699921352,24342001973.22,759245303310.83
13-04-2022,40123.569761918385,41430.054155109836,39712.74681178494,41166.73181224617,27691105227.77,782617115810.22
12-04-2022,39533.71330624112,40617.5860956274,39388.327446179916,40127.18208492876,30991500853.81,762819737793.6
11-04-2022,42201.038230331425,42424.59103711382,39373.058328450235,39521.90132656629,33949912165.86,751274786459.3
10-04-2022,42781.09046341356,43376.380660251634,42021.206801934924,42207.67096373395,17654475582.4,802293412896.68
09-04-2022,42282.07939459544,42786.81783693025,42183.253908147766,42782.13531729363,16050772496.25,813175789801.6
08-04-2022,43505.13680265104,43903.01956516628,42183.2871213171,42287.663511680774,27215995394.34,803736501494.4
07-04-2022,43207.49887037383,43860.69755850556,42899.90660895607,43503.84916613646,26101973106.2,826814841542.56
06-04-2022,45544.35561952329,45544.35561952329,43193.95400050059,43206.737672573465,39393395787.79,821131605926.81
05-04-2022,46624.50707545264,47106.13974053111,45544.807506170655,45555.99340419705,29640604054.7,865734982990.98
04-04-2022,46445.271619629675,46791.08904515544,45235.81535402031,46622.674413745226,32499785455.18,885964854050.1
03-04-2022,45859.12870068277,47313.476854472145,45634.10380046333,46453.56707631718,25414397610.22,882703992270.53
02-04-2022,46285.49805877043,47028.28078788789,45782.51301843445,45868.94915592036,29336594194.19,871556728552.73
01-04-2022,45554.16381205456,46616.2437719152,44403.14100934132,46281.64398145087,38162644286.97,879359612625.13
31-03-2022,47062.14656183097,47512.0283138768,45390.53714831033,45538.676922338804,33327427106.32,865202119215.74
30-03-2022,47456.89702971699,47655.14942974676,46746.211368980075,47062.664166927236,29333883961.6,894116777851.54
29-03-2022,47100.43859807688,48022.2888818255,47100.43859807688,47465.72988771132,31397059068.97,901733146417.05
28-03-2022,46821.85024693429,48086.836749156784,46690.20413375594,47128.00516225025,36362175703.48,895273041065.34
27-03-2022,44505.35710237063,46827.54619454887,44437.29364740723,46820.4934636771,28160889721.88,889385706663.3
26-03-2022,44349.85843334273,44735.995596139575,44166.27514315357,44500.82841551288,16950455994.89,845283757076.22
25-03-2022,43964.54622463837,44999.49305881161,43706.286031839605,44348.73090483442,30574413034.44,842351457245.02
24-03-2022,42886.65421682143,44131.854552052,42726.16253143749,43960.93305895402,31042992291.34,834943671214.36
23-03-2022,42364.3780528832,42893.50667956705,41877.50940012538,42892.95748224282,25242943069.35,814620088888.69
22-03-2022,41074.10451849765,43124.70806932684,40948.280743583644,42358.808425408446,32004652375.66,804437952235.7
21-03-2022,41246.13284847771,41454.41043229754,40668.04169654666,41077.99799180382,24615543270.67,780074755650.18
20-03-2022,42191.40531212776,42241.16478331302,41004.75956246816,41247.82344683423,20127946682.25,783260570383.75
19-03-2022,41794.64783390654,42316.55446040123,41602.66838045373,42190.65346170694,19664853187.34,801124017583.09
18-03-2022,40944.84167953429,42195.74476003573,40302.39804880724,41801.15449609347,34421564941.56,793688176484.02
17-03-2022,41140.84481577167,41287.535203645595,40662.87060094859,40951.37987550552,22009601092.64,777515183730.32
16-03-2022,39335.569403715985,41465.45171392856,39022.34708714592,41143.92804034744,39616916192.41,781131586213.32
15-03-2022,39664.25002606368,39794.63026359776,38310.21257971258,39338.785492032424,23934000867.75,746821744421.1
14-03-2022,37846.316439623675,39742.50072233807,37680.73446757749,39666.75581897766,24322159070.49,753013859089.57
13-03-2022,38884.7248489191,39209.350427012694,37728.144356335404,37849.66279952727,17300745309.73,718481905385.96
12-03-2022,38794.46318889842,39308.59906103982,38772.53587861972,38904.013398030336,14616450657.2,738459914963.88
11-03-2022,39439.96953161491,40081.6792542572,38347.43316239842,38794.97313747885,26364890465.25,736353069777.4
10-03-2022,41974.06923817848,42004.727151859945,38832.94126502495,39437.45977362875,31078064710.78,748513363763.29
09-03-2022,38742.81608045671,42465.67291118054,38706.0947800838,41982.92635480721,32284121034.04,796787661848.94
08-03-2022,38059.904292538864,39304.442853072534,37957.386526600145,38737.2684954927,25776583476.27,735156346354.69
07-03-2022,38429.30278301694,39430.22805907617,37260.20171383846,38062.040205582,28546143502.55,722305696827.83
06-03-2022,39404.19892431593,39640.176751120496,38211.647962292154,38419.983377392564,19745229901.83,729062407067.33
05-03-2022,39148.44970501965,39566.33618922075,38777.03641648265,39400.584138040096,16975917449.62,747638613405.07
04-03-2022,42458.1411201421,42479.6131422293,38805.84954302073,39137.60363875836,28516271426.66,742617908334.96
03-03-2022,43925.195064951615,44021.57833671519,41914.74909761815,42451.7895866188,24967782593.19,805466458784.89
02-03-2022,44357.615244967536,45077.5769494305,43432.851778910444,43924.11643805577,29183112629.72,833361543694.83
01-03-2022,43194.504211304244,44793.600448404046,42952.58405280174,44354.63750736122,32479047644.8,841491170715.62
28-02-2022,37706.001266645675,43760.45701816791,37518.214603646804,43193.2340330233,35690014104.01,819414782676.49
27-02-2022,39098.69891124532,39778.94237294012,37268.97751705011,37709.78375343292,23450127611.88,715351995827.55
26-02-2022,39213.08378308136,40005.348726433665,38702.53370623648,39105.147815551434,17467554129.06,741789694058.87
25-02-2022,38333.74714480872,39630.32241664578,38111.34188794657,39214.22062504251,26545599158.94,743827806937.97
24-02-2022,37278.5650718651,38968.841216900575,34459.21772828672,38332.609830700356,46383802092.57,727072550320.3
23-02-2022,38285.28261421084,39122.39390456852,37201.81601362011,37296.5720003887,21849073843.24,707390766255.17
22-02-2022,37068.771436199466,38359.853663799135,36488.93225594501,38286.027087969574,25493150449.85,726121533658.47
21-02-2022,38423.209871915555,39394.43582634885,36950.47571861194,37075.279353375714,29280402797.54,703124071471.97
20-02-2022,40118.100621485086,40119.89006208543,38112.81394419498,38431.3781154647,18340576451.97,728812385562.03
19-02-2022,40026.02250608061,40418.879215173474,39713.058328724495,40122.15476569747,13736557862.99,760839429983.53
18-02-2022,40552.13257469959,40929.15323211681,39637.618604758165,40030.97559908853,23310007703.81,759074084513.82
17-02-2022,43937.07161828148,44132.97417691996,40249.37300295736,40538.0128343685,26246662812.84,768654436206.64
16-02-2022,44578.276206938615,44578.276206938615,43456.69293506654,43961.85938827947,19792547656.71,833531932919.55
15-02-2022,42586.464611620926,44667.21697982024,42491.033760384526,44575.20333414411,22721659050.67,845117683686.87
14-02-2022,42157.39915316259,42775.77832154969,41681.95611311458,42586.91968609005,20827783011.84,807375855006.32
13-02-2022,42236.56642632817,42693.05285475678,41950.94173570745,42197.515340527556,14741589014.5,799950408997.29
12-02-2022,42412.30031147502,42992.551560549764,41852.572721957906,42244.469986888595,18152390303.98,800797790300.71
11-02-2022,43571.13046337891,43810.83038345513,42114.53964298382,42407.93793801922,26954925781.36,803848273502.66
10-02-2022,44347.79883452384,45661.1731433747,43402.80824410734,43565.112172844536,32142048537.32,825745116529.95
09-02-2022,44096.704492042554,44727.799891547955,43232.96716225857,44338.79775741671,23245887299.61,840369284541.11
08-02-2022,43854.6536157814,45293.86624420329,42807.83573791916,44118.44625972839,33079398868.46,836154543908.38
07-02-2022,42406.7813264058,44401.86351018092,41748.155311541545,43840.28657610548,28641855926.25,830838884165.06
06-02-2022,41441.12079033813,42500.7869325403,41244.90763490041,42412.43423591741,16142097333.9,803744511638.35
05-02-2022,41501.480571936794,41847.16328514942,41038.09585661601,41441.1648206042,19652846214.68,785297889648
04-02-2022,37149.26414150606,41527.7855761899,37093.62956799564,41500.87538231141,29412210791.81,786396684547.64
03-02-2022,36944.805239029825,37154.60024460736,36375.53733969708,37154.60024460736,18591534769.08,704010232687.46
02-02-2022,38743.71342572458,38834.61783097103,36832.72866723168,36952.984932759464,19155189415.69,700155817835.89
01-02-2022,38481.765368511944,39115.13228129207,38113.663094542324,38743.272569369816,20288500327.54,734039224254.88
31-01-2022,37920.28099097226,38647.260982957094,36733.57287451939,38483.126309273044,20734730465.05,729073641687.68
30-01-2022,38151.918823373366,38266.339795389365,37437.709209056906,37917.60273361001,14643548443.91,718325967803.39
29-01-2022,37780.713786273285,38576.26364490159,37406.47368744183,38138.17856577545,17194183074.9,722469136409.99
28-01-2022,37128.444198943034,37952.87783586475,36211.10819862756,37784.33326406649,22238830522.98,715731622071.25
27-01-2022,36841.88060894733,37148.322279089225,35629.27988787525,37138.23431595358,25041426629.34,703456873492.62
26-01-2022,36950.51482868812,38825.40869289119,36374.9079053597,36852.122594585955,31324598033.71,698006361955.82
25-01-2022,36654.80592442568,37444.56934799371,35779.42880382785,36954.00201362759,26428189593.82,699907393886.04
24-01-2022,36275.732948124925,37247.52132807993,33184.05956566154,36654.329182687645,41856658596.7,694196560316.9
23-01-2022,35047.360289671895,36433.31265657471,34784.9671633865,36276.80469436993,26017975950.79,687012848062.33
22-01-2022,36471.58999992482,36688.81082378707,34349.24919495158,35030.25176759585,39714385404.71,663374008017.03
21-01-2022,40699.60698392732,41060.5273749856,35791.4265480389,36457.318100136144,43011992031.18,690368973093.34
20-01-2022,41744.02805917337,43413.02394236423,40672.8238483266,40680.419913600264,20382033939.59,770304579439.02
19-01-2022,42374.04061202849,42478.30484434323,41242.91311568182,41744.3298424627,23091543257.9,790406427117.58
18-01-2022,42250.07314461258,42534.40391854775,41392.216698751,42375.63284306859,22417209226.95,802313747480.14
17-01-2022,43118.12010150989,43179.39110302975,41680.3215634165,42250.54937324005,21690904261.18,799910089279.2
16-01-2022,43172.038894674435,43436.80750035015,42691.024234079094,43113.88011377783,17902097844.6,816211499220.99
15-01-2022,43101.89961076399,43724.67318452965,42669.0352201934,43177.396790080275,18371348297.75,817364571824.4
14-01-2022,42598.87288897501,43346.688565720644,41982.6166524365,43099.69982832971,23577403398.89,815850639036.09
13-01-2022,43946.741717735065,44278.42325661266,42447.044152064336,42591.57225803064,47691135081.85,806189762638.47
12-01-2022,42742.17840595137,44135.36850871346,42528.98644526586,43949.10068678188,33499938688.54,831836978396.02
11-01-2022,41819.506970621274,43001.15712132047,41407.75387307927,42735.85411950772,26327648900.42,808834801011.1
10-01-2022,41910.2308272178,42199.48504221731,39796.571708349016,41821.26313900311,32104232330.73,791484886193.63
09-01-2022,41734.72756293196,42663.950482400825,41338.15970640347,41911.60153633568,21294384372.18,793156354744
08-01-2022,41561.46586768905,42228.94203543531,40672.27544835678,41733.94309889255,28066355845.13,789758782727.02
07-01-2022,43153.57087575333,43153.57087575333,41077.446201548206,41557.901160970876,84196607519.83,786389774193.77
06-01-2022,43565.51172706792,43748.72031099312,42645.54095167677,43160.928419605385,30208048288.93,816685390313.23
05-01-2022,45899.35873958258,46929.04579448634,42798.22425915639,43569.003347649836,36851084858.53,824368284529.82
04-01-2022,46458.85144441394,47406.54830217716,45752.46356205306,45897.57582677831,42494677904.76,868383282082.05
03-01-2022,47343.54376514904,47510.72617492852,45835.96302540625,46458.11695889139,33071628361.52,878946596803.07
02-01-2022,47680.926624830136,47881.406233160575,46856.936309742916,47345.22056425304,27951569547.04,895688387523.14
01-01-2022,46311.744663040976,47827.310994600855,46288.48609504679,47686.81150917818,24582667004.25,902104193384.61
