period,AAVE-USD,ANKR-USD,AXS-USD,BAND-USD,BCH-USD,BNB-USD,C98-USD,CAKE-USD,CDT-USD,CELO-USD,CFX-USD,CRV-USD,CUSDT-USD,DEL-USD,ENS-USD,FIL-USD,FRXETH-USD,GLM-USD,GUSD-USD,HIVE-USD,HOT-USD,ICX-USD,INJ-USD,JASMY-USD,KAVA-USD,KNC-USD,KRD-USD,LINK-USD,LRC-USD,LTC-USD,MANA-USD,MC-USD,MKR-USD,POLYX-USD,PUNDIX-USD,QTUM-USD,SETH2-USD,SFRXETH-USD,SHIB-USD,SNT-USD,STX-USD,SXP-USD,TFUEL-USD,THETA-USD,TRB-USD,USTC-USD,WBTC-USD,WCFG-USD,WEMIX-USD,ZEC-USD
2014-10-01,,,,,,,,,,,,,,,,,,,,,,,,,,,,,,3.753999948501587,,,,,,,,,,,,,,,,,,,,
2014-11-01,,,,,,,,,,,,,,,,,,,,,,,,,,,,,,3.576090097427368,,,,,,,,,,,,,,,,,,,,
2014-12-01,,,,,,,,,,,,,,,,,,,,,,,,,,,,,,2.7189300060272217,,,,,,,,,,,,,,,,,,,,
2015-01-01,,,,,,,,,,,,,,,,,,,,,,,,,,,,,,1.8734999895095825,,,,,,,,,,,,,,,,,,,,
2015-02-01,,,,,,,,,,,,,,,,,,,,,,,,,,,,,,1.8407299518585205,,,,,,,,,,,,,,,,,,,,
2015-03-01,,,,,,,,,,,,,,,,,,,,,,,,,,,,,,1.6526000499725342,,,,,,,,,,,,,,,,,,,,
2015-04-01,,,,,,,,,,,,,,,,,,,,,,,,,,,,,,1.4398399591445923,,,,,,,,,,,,,,,,,,,,
2015-05-01,,,,,,,,,,,,,,,,,,,,,,,,,,,,,,1.6370799541473389,,,,,,,,,,,,,,,,,,,,
2015-06-01,,,,,,,,,,,,,,,,,,,,,,,,,,,,,,4.0867600440979,,,,,,,,,,,,,,,,,,,,
2015-07-01,,,,,,,,,,,,,,,,,,,,,,,,,,,,,,4.641039848327637,,,,,,,,,,,,,,,,,,,,
2015-08-01,,,,,,,,,,,,,,,,,,,,,,,,,,,,,,2.8420701026916504,,,,,,,,,,,,,,,,,,,,
2015-09-01,,,,,,,,,,,,,,,,,,,,,,,,,,,,,,3.009779930114746,,,,,,,,,,,,,,,,,,,,
2015-10-01,,,,,,,,,,,,,,,,,,,,,,,,,,,,,,3.8043301105499268,,,,,,,,,,,,,,,,,,,,
2015-11-01,,,,,,,,,,,,,,,,,,,,,,,,,,,,,,3.621220111846924,,,,,,,,,,,,,,,,,,,,
2015-12-01,,,,,,,,,,,,,,,,,,,,,,,,,,,,,,3.4801700115203857,,,,,,,,,,,,,,,,,,,,
2016-01-01,,,,,,,,,,,,,,,,,,,,,,,,,,,,,,3.0521600246429443,,,,,,,,,,,,,,,,,,,,
2016-02-01,,,,,,,,,,,,,,,,,,,,,,,,,,,,,,3.4461100101470947,,,,,,,,,,,,,,,,,,,,
2016-03-01,,,,,,,,,,,,,,,,,,,,,,,,,,,,,,3.2570700645446777,,,,,,,,,,,,,,,,,,,,
2016-04-01,,,,,,,,,,,,,,,,,,,,,,,,,,,,,,3.659749984741211,,,,,,,,,,,,,,,,,,,,
2016-05-01,,,,,,,,,,,,,,,,,,,,,,,,,,,,,,4.650390148162842,,,,,,,,,,,,,,,,,,,,
2016-06-01,,,,,,,,,,,,,,,,,,,,,,,,,,,,,,4.19350004196167,,,,,,,,,,,,,,,,,,,,
2016-07-01,,,,,,,,,,,,,,,,,,,,,,,,,,,,,,4.013820171356201,,,,,,,,,,,,,,,,,,,,
2016-08-01,,,,,,,,,,,,,,,,,,,,,,,,,,,,,,3.7974400520324707,,,,,,,,,,,,,,,,,,,,
2016-09-01,,,,,,,,,,,,,,,,,,,,,,,,,,,,,,3.841599941253662,,,,,,,,,,,,,,,,,,,,
2016-10-01,,,,,,,,,,,,,,,,,,,,,,,,,,,,,,3.993959903717041,,,,,,,,,,,,,,,,,,,,
2016-11-01,,,,,,,,,,,,,,,,,,,,,,,,,,,,,,3.8937900066375732,,,,,,,,,,,,,,,,,,,,
2016-12-01,,,,,,,,,,,,,,,,,,,,,,,,,,,,,,4.325290203094482,,,,,,,,,,,,,,,,,,,,
2017-01-01,,,,,,,,,,,,,,,,,,,,,,,,,,,,,,4.078639984130859,,,,,,,,,,,,,,,,,,,,
2017-02-01,,,,,,,,,,,,,,,,,,,,,,,,,,,,,,3.7709898948669434,,,,,,,,,,,,,,,,,,,,
2017-03-01,,,,,,,,,,,,,,,,,,,,,,,,,,,,,,6.667059898376465,,,,,,,,,,,,,,,,,,,,
2017-04-01,,,,,,,,,,,,,,,,,,,,,,,,,,,,,,15.705599784851074,,,,,,,,,,,,,,,,,,,,
2017-05-01,,,,,,,,,,,,,,,,,,,,,,,,,,,,,,25.29759979248047,,,,,,,,,,,,,,,,,,,,
2017-06-01,,,,,,,,,,,,,,,,,,,,,,,,,,,,,,40.35430145263672,,,,,,,,,,,,,,,,,,,,
2017-07-01,,,,,,,,,,,,,,,,,,,,,,,,,,,,,,43.022701263427734,,,,,,,,,,,,,,,,,,,,
2017-08-01,,,,,,,,,,,,,,,,,,,,,,,,,,,,,,71.05509948730469,,,,,,,,,,,,,,,,,,,,
2017-09-01,,,,,,,,,,,,,,,,,,,,,,,,,,,,,,55.142398834228516,,,,,,,,,,,,,,,,,,,,
2017-10-01,,,,,,,,,,,,,,,,,,,,,,,,,,,,,,55.75410079956055,,,,,,,,,,,,,,,,,,,,
2017-11-01,,,,,,,,,,,,,,,,,,,,,,,,,,,,,,88.33070373535156,,,,,,,,,,,,,,,,,,,,
2017-12-01,,,,,2533.010009765625,8.635580062866211,,,,,,,,,,,,0.8421379923820496,,,,5.353529930114746,,,,,,0.6015520095825195,0.45858699083328247,232.0959930419922,0.10199899971485138,,959.9140014648438,,,62.397499084472656,,,,0.22466899454593658,,,,,,,,,,505.510986328125
2018-01-01,,,,,1486.8900146484375,11.145000457763672,,,,,,,,,,24.603200912475586,,0.46660900115966797,,,,7.684299945831299,,,,,,0.6201459765434265,0.9263550043106079,163.3509979248047,0.12743200361728668,,1386.989990234375,,,42.115699768066406,,,,0.24217599630355835,,,,,,,,,,397.8819885253906
2018-02-01,,,,,1204.1600341796875,10.438199996948242,,,,,,,,,,18.434900283813477,,0.36380499601364136,,,0.06333400309085846,3.550960063934326,,,,,,0.6614469885826111,0.5515819787979126,202.89500427246094,0.10524000227451324,,1028.8199462890625,,,26.215499877929688,,,,0.1632169932126999,,,,0.14566999673843384,,,,,,382.0329895019531
2018-03-01,,,,,685.2470092773438,11.055899620056152,,,,,,,,,,8.06406021118164,,0.20090800523757935,,,0.02123199962079525,2.20661997795105,,,,,,0.2801710069179535,0.3840999901294708,116.60700225830078,0.0708170011639595,,517.5499877929688,,,14.245800018310547,,,,0.08883599936962128,,,,0.11652900278568268,,,,,,185.53500366210938
2018-04-01,,,,,1350.050048828125,14.312100410461426,,,,,,,,,,14.48960018157959,,0.5564029812812805,,,0.07891900092363358,4.339630126953125,,,,,,0.5446910262107849,0.924452006816864,148.4770050048828,0.15491700172424316,,1048.719970703125,,,22.63800048828125,,,,0.1580830067396164,,,,0.14290599524974823,,,,,,285.1449890136719
2018-05-01,,,,,995.343994140625,14.190199851989746,,,,,,,,,,8.318260192871094,,0.6089890003204346,,,0.06055799871683121,2.772599935531616,,,,,,0.34477299451828003,0.5176849961280823,118.0739974975586,0.10536199808120728,,752.7379760742188,,,13.35219955444336,,,,0.10093600302934647,,,,0.24550999701023102,,,,,,245.67300415039062
2018-06-01,,,,,748.708984375,14.657299995422363,,,,,,,,,,7.009009838104248,,0.3627369999885559,,,0.029030999168753624,1.5649299621582031,,,,,,0.22661900520324707,0.35653701424598694,81.3740005493164,0.0868149995803833,,530.9169921875,,,8.572790145874023,,,,0.0672369971871376,,,,0.16279900074005127,,,,,,163.98500061035156
2018-07-01,,,,,777.14599609375,13.775400161743164,,,,,,,,,,5.463510036468506,,0.26815301179885864,,,0.025283999741077423,1.111050009727478,,,,,,0.2939339876174927,0.23875799775123596,79.70230102539062,0.11144299805164337,,609.5159912109375,,,6.939690113067627,,,,0.06049500033259392,,,,0.11275800317525864,,,,,,209.5709991455078
2018-08-01,,,,,543.0780029296875,11.013799667358398,,,,,,,,,,4.670340061187744,,0.17716500163078308,,,0.013296999968588352,0.9042350053787231,,,,,,0.32809901237487793,0.12050700187683105,61.925498962402344,0.07769700139760971,,443.1109924316406,,,4.6696600914001465,,,,0.04232599958777428,,,,0.1005840003490448,,,,,,150.35899353027344
2018-09-01,,,,,529.9249877929688,10.017800331115723,,,,,,,,,,3.65693998336792,,0.15366899967193604,,,0.010525000281631947,0.656138002872467,,,,,,0.3318980038166046,0.10482300072908401,61.14189910888672,0.07563599944114685,,494.2229919433594,,,3.8917200565338135,,,,0.037682000547647476,,,,0.09337799996137619,,,,,,131.9929962158203
2018-10-01,,,,,422.8590087890625,9.364959716796875,,,,,,,,,,3.4989800453186035,,0.16967099905014038,,,0.008898000232875347,0.6438000202178955,,,,,,0.5060439705848694,0.11345499753952026,49.44150161743164,0.07452400028705597,,595.1209716796875,,,3.813960075378418,,,,0.03779799863696098,,,,0.08897099643945694,,,,,,115.4530029296875
2018-11-01,,,,,173.06689453125,5.078571796417236,,,,,,,,,,3.2071499824523926,,0.08628500252962112,1.0147900581359863,,0.0035520000383257866,0.2594349980354309,,,,,,0.32224199175834656,0.04378899931907654,32.064762115478516,0.05758899822831154,,360.0419006347656,,,2.0089669227600098,,,,0.019269999116659164,,,,0.08924999833106995,,,,,,80.9483871459961
2018-12-01,,,,,151.0457000732422,6.164731979370117,,,,,,,,,,2.8176369667053223,,0.06833600252866745,1.0017750263214111,,0.005148000083863735,0.23650699853897095,,,,,,0.2894439995288849,0.03993399813771248,30.468223571777344,0.04542199894785881,,453.97955322265625,,,2.15024995803833,,,,0.017243999987840652,,,,0.04706399887800217,,,,,,56.5439338684082
2019-01-01,,,,,114.81018829345703,6.268435955047607,,,,,,,,,,2.7534749507904053,,0.05695100128650665,1.0094560384750366,,0.002580000087618828,0.1887589991092682,,,,,,0.387690007686615,0.05504399910569191,31.652175903320312,0.03401299938559532,,369.2780456542969,,,1.847828984260559,,,,0.01844099909067154,,,,0.05268999934196472,,,,,,49.00098419189453
2019-02-01,,,,,132.1869659423828,10.365178108215332,,,,,,,,,,3.1586270332336426,,0.06443099677562714,0.9958130121231079,,0.001171999960206449,0.2904990017414093,,,,,,0.4274210035800934,0.0573589988052845,46.23725509643555,0.0438539981842041,,674.7417602539062,,,2.090388059616089,,,,0.02022700011730194,,,,0.14450299739837646,,,3854.58544921875,,,51.82746887207031
2019-03-01,,,,,168.9375457763672,17.401670455932617,,,,,,,,,,3.1982040405273438,,0.09194400161504745,1.0042510032653809,,0.005115999840199947,0.34617799520492554,,,,,,0.5076130032539368,0.06998299807310104,60.75539779663086,0.05643099918961525,,706.9677124023438,,,2.9279279708862305,,,,0.02512500062584877,,,,0.11186899989843369,,,4101.25048828125,,,58.50663757324219
2019-04-01,,0.00900499988347292,,,267.7581481933594,22.127836227416992,,,,,,,,,,5.101329803466797,,0.07581999897956848,1.0035419464111328,,0.005375000182539225,0.34171199798583984,,,,,,0.4731700122356415,0.059664998203516006,74.28087615966797,0.05117600038647652,,549.3268432617188,,,2.450299024581909,,,,0.02296300046145916,,,0.008179999887943268,0.09351100027561188,,,5357.8642578125,,,60.57847213745117
2019-05-01,,0.007786000147461891,,,445.0699462890625,32.748165130615234,,,,,,,,,,5.502902984619141,,0.09774500131607056,0.9992370009422302,,0.0064860000275075436,0.39904099702835083,,,,,,1.0215200185775757,0.07015900313854218,114.53695678710938,0.05974999815225601,,734.1937866210938,,,3.306335926055908,,,,0.028862999752163887,,,0.014839000068604946,0.13750100135803223,,,8676.8662109375,,,90.47795104980469
2019-06-01,,0.0076299998909235,,,399.4703674316406,32.442481994628906,,,,,,,,,,5.357140064239502,,0.09420499950647354,0.9875659942626953,,0.006849000230431557,0.30619698762893677,,,,,,3.4468889236450195,0.05359699949622154,122.24911499023438,0.049219999462366104,,653.822265625,,,4.9186320304870605,,,,0.027027999982237816,,,0.00927599985152483,0.11382099986076355,,,10639.15625,,,102.8537826538086
2019-07-01,,0.006176999770104885,,,326.5702819824219,27.64455795288086,,,,,,,,,,4.613221168518066,,0.06767299771308899,1.0102620124816895,,0.007430000230669975,0.2692070007324219,,,,,,2.196837902069092,0.04269300028681755,98.50957489013672,0.040800999850034714,,589.6295166015625,,,3.068998098373413,,,,0.02167999930679798,,,0.0076060001738369465,0.1382869929075241,,,10154.1953125,,,68.16867065429688
2019-08-01,,0.003183000022545457,,,279.93951416015625,21.265914916992188,,,,,,,,,,3.4883360862731934,,0.06073300167918205,0.9986310005187988,,0.0072730001993477345,0.2056329995393753,,,,,,1.7902309894561768,0.03418000042438507,64.5760498046875,0.031984999775886536,,474.9115295410156,,,2.1070759296417236,,,,0.015619000419974327,,,0.004776000045239925,0.11908599734306335,,,9674.7294921875,,,44.76991653442383
2019-09-01,,0.002239000052213669,,,228.12289428710938,15.862674713134766,,,,,,,,,,3.261681079864502,,0.04699600115418434,1.0021660327911377,,0.0048779998905956745,0.17666800320148468,,,,,,1.7635070085525513,0.03278400003910065,56.056907653808594,0.027171999216079712,,453.35968017578125,,,1.7066140174865723,,,,0.01267900038510561,,1.4644989967346191,0.003309000050649047,0.08704300224781036,,,8312.416015625,,,38.71641159057617
2019-10-01,,0.002174000022932887,,0.31751400232315063,284.4766540527344,20.000232696533203,,,,,,,,,,5.079010963439941,,0.045653000473976135,1.0013060569763184,,0.004219000227749348,0.16349899768829346,,,,,,2.7379300594329834,0.033934999257326126,58.78068542480469,0.03176400065422058,,543.6073608398438,,,2.159734010696411,,,,0.013016000390052795,,1.1264489889144897,0.003401000052690506,0.09382499754428864,,,9221.177734375,,,37.904991149902344
2019-11-01,,0.0019539999775588512,,0.2900860011577606,218.90786743164062,15.715950965881348,,,,,,,,,,3.8980801105499268,,0.03782400116324425,0.9980649948120117,,0.0032210000790655613,0.1355070024728775,,,1.0747849941253662,,,2.2420759201049805,0.030021000653505325,47.47542953491211,0.02542800083756447,,544.4522705078125,,,1.805098056793213,,,,0.011233000084757805,0.1102449968457222,1.1947009563446045,0.0030769999139010906,0.07180900126695633,,,7599.79833984375,,,29.055877685546875
2019-12-01,,0.0014530000044032931,,0.22133499383926392,204.6231689453125,13.727642059326172,,,,,,,,,,3.3658061027526855,,0.029053999111056328,0.9947620034217834,,0.002179000061005354,0.11341799795627594,,,1.1199109554290771,,,1.7694710493087769,0.021671999245882034,41.34007263183594,0.030138999223709106,,430.9646301269531,,,1.6101529598236084,,,,0.008999999612569809,0.09511099755764008,1.1908249855041504,0.002369999885559082,0.08710800111293793,4.143239974975586,,7204.771484375,,,27.62629508972168
2020-01-01,,0.0013200000394135714,,0.25544700026512146,375.3895568847656,18.210979461669922,,,,,,,,,,3.8495209217071533,,0.04111500084400177,0.9961079955101013,,0.0025239998940378428,0.25514599680900574,,,1.0561779737472534,,,2.823791027069092,0.028675999492406845,67.8794937133789,0.03534200042486191,,545.33154296875,,,2.118372917175293,,,,0.010871999897062778,0.09564899653196335,1.8726630210876465,0.002486000070348382,0.10422500222921371,2.9766829013824463,,9358.923828125,,,66.53315734863281
2020-02-01,,0.0021800000686198473,,0.3266119956970215,308.32623291015625,19.584091186523438,,,,,,,,,,4.241772174835205,,0.05286199972033501,0.9987750053405762,,0.0022690000478178263,0.2966890037059784,,,0.8175280094146729,,,4.108541011810303,0.040727999061346054,58.54326248168945,0.03709600120782852,,556.4219970703125,,,2.04606294631958,,,,0.01463599968701601,0.12247899919748306,1.0500060319900513,0.0028699999675154686,0.11867599934339523,4.246039867401123,,8562.3486328125,,,49.31151580810547
2020-03-01,,0.001474000047892332,,0.29054901003837585,219.62759399414062,12.581605911254883,,,,,,,,,,4.123717784881592,,0.03363100066781044,0.9986960291862488,,0.001353000057861209,0.21166899800300598,,,0.4888649880886078,,,2.2703440189361572,0.02661300078034401,39.299102783203125,0.026340000331401825,,279.5102844238281,,,1.2166340351104736,,,,0.017841000109910965,0.08738700300455093,0.4008300006389618,0.0017180000431835651,0.07386600226163864,3.097234010696411,,6483.63818359375,,,31.083118438720703
2020-04-01,,0.0015290000010281801,,1.040779948234558,249.84295654296875,17.03397560119629,,,,,,,,,,5.241865158081055,,0.0428909994661808,1.0004090070724487,0.41436201333999634,0.0018019999843090773,0.2799980044364929,,,0.583450973033905,,,3.7204771041870117,0.033615998923778534,46.714019775390625,0.031631000339984894,,338.7858581542969,,,1.5420130491256714,,,,0.020639000460505486,0.1031470000743866,0.5754219889640808,0.0019420000026002526,0.1211320012807846,4.58375883102417,,8726.4052734375,,,44.99931716918945
2020-05-01,,0.0021780000533908606,,1.5018980503082275,239.8770294189453,17.04047203063965,,,,,,,,,,11.421042442321777,,0.050655998289585114,1.0150480270385742,0.23451299965381622,0.002483000047504902,0.3271540105342865,,,0.8378499746322632,,,4.129938125610352,0.04834200069308281,45.59188461303711,0.039778999984264374,,461.1142883300781,,,1.7513610124588013,,,,0.02883400022983551,0.13349300622940063,0.4899519979953766,0.008457000367343426,0.24753500521183014,5.919179916381836,,9410.212890625,,,51.68647384643555
2020-06-01,,0.003421999979764223,,1.0969330072402954,221.99168395996094,15.413581848144531,,,,1.7559499740600586,,,,,,12.987561225891113,,0.051065001636743546,0.9978049993515015,0.21769900619983673,0.00735899992287159,0.28958699107170105,,,1.2569489479064941,,,4.569189071655273,0.07455199956893921,41.46779251098633,0.03769399970769882,,455.84747314453125,,,1.6337690353393555,,,,0.022506000474095345,0.1329910010099411,0.5123170018196106,0.008183999918401241,0.22187699377536774,7.364819049835205,,9186.48046875,,,51.58265686035156
2020-07-01,,0.005797000136226416,,4.233713150024414,300.5045166015625,20.66814613342285,,,,1.7419250011444092,,,,,,16.661331176757812,,0.060263000428676605,0.994513988494873,0.22254599630832672,0.005377000197768211,0.37386301159858704,,,2.4303390979766846,,,7.77291202545166,0.10227199643850327,57.998138427734375,0.045715998858213425,,557.337890625,,,2.4151570796966553,,,,0.026325000450015068,0.17290900647640228,1.7603950500488281,0.008294000290334225,0.2688489854335785,12.54256534576416,,11919.1806640625,,,74.6041030883789
2020-08-01,,0.013430999591946602,,13.146343231201172,274.5431823730469,23.193050384521484,,,,3.9199459552764893,,,0.020284000784158707,,,23.135848999023438,,0.13437199592590332,0.9979829788208008,0.24324999749660492,0.010160000063478947,0.5976679921150208,,,4.003598213195801,,,15.708488464355469,0.21610400080680847,61.11379623413086,0.09872099757194519,,680.4004516601562,,,3.367479085922241,,,0.0,0.04081699997186661,0.2503949999809265,2.863097906112671,0.01079699955880642,0.4780220091342926,67.82474517822266,,11845.5849609375,,,79.50347900390625
2020-09-01,,0.007840000092983246,,6.486783027648926,228.00575256347656,29.290876388549805,,,,2.265636920928955,,0.9477789998054504,0.02030099928379059,,,22.186716079711914,,0.10545600205659866,0.9966650009155273,0.1522819995880127,0.005566000007092953,0.42211100459098816,,,2.2809529304504395,,,9.85120964050293,0.205145001411438,46.3714599609375,0.0838410034775734,,569.2676391601562,,,2.424643039703369,,,0.0,0.024567000567913055,0.1611659973859787,1.737995982170105,0.010689999908208847,0.7445949912071228,22.439714431762695,,10779.2587890625,,,65.98600769042969
2020-10-01,,0.007145999930799007,,4.330377101898193,261.75823974609375,28.431215286254883,,0.39775800704956055,,1.617661952972412,,0.4164949953556061,0.02032800018787384,,,31.146846771240234,,0.07758600264787674,0.9963030219078064,0.1132970005273819,0.004124999977648258,0.3161369860172272,,,1.442214012145996,,,11.22083854675293,0.1390320062637329,55.59025955200195,0.06520900130271912,,523.309326171875,,,1.9662339687347412,,,0.0,0.021076999604701996,0.16026300191879272,0.8209750056266785,0.00931399967521429,0.6104919910430908,20.60288429260254,,13715.396484375,,,58.122684478759766
2020-11-01,76.4195327758789,0.009541000239551067,,6.224185943603516,316.4201965332031,31.392786026000977,,0.3494899868965149,,1.8327139616012573,,0.6755369901657104,0.020413000136613846,,,30.371749877929688,,0.11928900331258774,1.002724051475525,0.1231909990310669,0.004137000069022179,0.4403490126132965,1.1881370544433594,,1.674353003501892,,,14.225639343261719,0.1960510015487671,87.57463073730469,0.08805199712514877,,559.0894165039062,,,2.927069902420044,,,0.0,0.043150000274181366,0.24070699512958527,0.9767600297927856,0.009699000045657158,0.6411749720573425,26.093950271606445,,19619.04296875,,0.3017989993095398,78.12843322753906
2020-12-01,87.52748107910156,0.008421000093221664,0.538320004940033,5.340259075164795,343.0526428222656,37.376033782958984,,0.624023973941803,,1.4776099920272827,0.13460899889469147,0.6283310055732727,0.02049499936401844,,,24.35386848449707,,0.11163599789142609,0.9963380098342896,0.11497300118207932,0.0031850000377744436,0.46470099687576294,4.072787761688232,,1.2953540086746216,,,11.270538330078125,0.16979999840259552,124.69032287597656,0.07825099676847458,,586.9552612304688,,,2.2327818870544434,,,0.0,0.030926000326871872,0.3961769938468933,0.741553008556366,0.03335399925708771,1.8611619472503662,17.78118133544922,0.9973040223121643,28977.744140625,,0.21019700169563293,63.989376068115234
2021-01-01,300.06256103515625,0.011528999544680119,0.805305004119873,9.011116981506348,399.7699279785156,44.27599334716797,,1.9767910242080688,,2.807573080062866,0.2299100011587143,2.5246050357818604,0.02070399932563305,,,22.27235984802246,,0.11515499651432037,1.0017880201339722,0.13956500589847565,0.006037999875843525,0.723701000213623,9.542411804199219,,2.2240209579467773,,,22.598434448242188,0.4951210021972656,129.57081604003906,0.1547050029039383,,1480.80908203125,,,3.2764699459075928,,,0.0,0.0484750010073185,0.4287729859352112,1.3488399982452393,0.02779100090265274,1.9125410318374634,29.981603622436523,1.04208505153656,33085.08203125,,0.16047599911689758,85.73783874511719
2021-02-01,344.8699951171875,0.026193000376224518,1.3958200216293335,11.805936813354492,459.91448974609375,209.57440185546875,,9.331332206726074,,3.81646990776062,0.5193629860877991,1.7592990398406982,0.02090900018811226,,,35.991943359375,,0.3237859904766083,1.0026229619979858,0.3057590126991272,0.014000000432133675,1.39273202419281,12.134520530700684,,3.366163969039917,,,24.663532257080078,0.5176609754562378,164.9271697998047,0.23622600734233856,,2029.310791015625,,,4.844973087310791,,,0.0,0.07999800145626068,0.9323130249977112,1.9869450330734253,0.09213999658823013,3.130584955215454,31.442092895507812,1.001289963722229,45290.67578125,,0.14862899482250214,109.71210479736328
2021-03-01,377.0081481933594,0.16102400422096252,5.697309970855713,16.71938133239746,543.2378540039062,302.0634460449219,,18.044340133666992,,4.635746002197266,1.1198019981384277,3.127748966217041,0.020986000075936317,,,191.35655212402344,,0.6634529829025269,1.016319990158081,0.788221001625061,0.02712699957191944,3.119818925857544,12.841597557067871,1.8813029527664185,6.117057800292969,,,29.351137161254883,0.5474309921264648,197.4990997314453,1.02742600440979,,2103.505859375,,,9.43036937713623,,,0.0,0.14336399734020233,1.218951940536499,3.5645179748535156,0.41754400730133057,12.367094993591309,78.92529296875,1.0003650188446045,59067.0078125,,0.8504859805107117,156.9161376953125
2021-04-01,444.7287902832031,0.1772869974374771,10.184638023376465,17.1737117767334,993.4256591796875,624.08056640625,,40.89231872558594,,5.397057056427002,0.9988740086555481,3.3353490829467773,0.0210999995470047,,,163.8935546875,,0.4649209976196289,1.0080150365829468,0.6549080014228821,0.021754000335931778,2.5995841026306152,21.666072845458984,1.2146650552749634,5.611669063568115,,,38.12850570678711,0.5609250068664551,271.1670837402344,1.4867990016937256,,4355.27294921875,,,15.010007858276367,,,1.9999999949504854e-06,0.18060000240802765,2.184009075164795,5.249532222747803,0.35791701078414917,11.189316749572754,84.21460723876953,0.9994189739227295,57880.62890625,,0.6236580014228821,245.43064880371094
2021-05-01,383.0834045410156,0.10651099681854248,4.95019006729126,8.99703311920166,703.882568359375,354.329345703125,,17.94778823852539,,3.4947710037231445,0.40819698572158813,1.9650260210037231,0.021201999858021736,,,72.69061279296875,,0.31042298674583435,1.0083940029144287,0.43367800116539,0.009589999914169312,1.1376429796218872,9.379965782165527,0.9853289723396301,3.6038079261779785,,,32.088584899902344,0.3688960075378418,188.03367614746094,0.8507329821586609,,3592.2978515625,,1.7183140516281128,12.421453475952148,,,9.000000318337698e-06,0.09695500135421753,0.9982730150222778,2.122101068496704,0.34033098816871643,7.127231121063232,62.71148681640625,0.9987800121307373,37391.8203125,,0.2995550036430359,162.24822998046875
2021-06-01,250.385498046875,0.0792199969291687,5.681056022644043,5.946674823760986,526.2958374023438,303.2958679199219,,13.849677085876465,,3.0923280715942383,0.2520250082015991,1.8153389692306519,0.021229999139904976,,,60.372554779052734,,0.30000001192092896,0.9985160231590271,0.3080359995365143,0.00635500019416213,0.8362600207328796,6.924139976501465,0.01590000092983246,4.2053070068359375,,,19.497236251831055,0.26774001121520996,144.13583374023438,0.5800229907035828,,2668.58203125,,1.163807988166809,7.6801371574401855,,,9.000000318337698e-06,0.07884199917316437,0.7904239892959595,2.0264570713043213,0.4113140106201172,6.913777828216553,40.349342346191406,1.0000829696655273,35090.36328125,,0.1866379976272583,130.82247924804688
2021-07-01,331.0182800292969,0.0853940024971962,42.6602897644043,6.5167999267578125,547.8032836914062,333.5495910644531,,16.0192928314209,,2.764930009841919,0.21509100496768951,1.7135820388793945,0.021268999204039574,,,52.200218200683594,,0.40026599168777466,0.9973649978637695,0.4225029945373535,0.00912499986588955,1.0031089782714844,7.097287178039551,0.015626000240445137,5.252579212188721,,,22.75370216369629,0.25265398621559143,144.93321228027344,0.7191920280456543,,2987.255126953125,,1.4854639768600464,8.01301383972168,,,6.000000212225132e-06,0.08246900141239166,1.269423007965088,2.160875082015991,0.3291589915752411,6.106616020202637,40.729190826416016,1.0011030435562134,41713.5625,,0.24115200340747833,111.65145874023438
2021-08-01,391.723876953125,0.10177499800920486,72.19998931884766,9.229866027832031,636.7659912109375,464.4187316894531,4.3839850425720215,22.93189811706543,,5.545592784881592,0.2982029914855957,2.2347609996795654,0.02132900059223175,,,75.94700622558594,,0.4907990097999573,0.9847180247306824,0.5544630289077759,0.014903999865055084,1.3258869647979736,11.251786231994629,0.017998000606894493,7.595602989196777,1.9307700395584106,,26.750707626342773,0.553737998008728,171.6592254638672,0.9431729912757874,,3525.934326171875,,1.7590279579162598,12.442826271057129,,,7.000000096013537e-06,0.09698899835348129,1.4349900484085083,3.518286943435669,0.3310289978981018,6.66648006439209,51.339481353759766,1.0015510320663452,47486.02734375,1.3192570209503174,0.5614709854125977,143.99676513671875
2021-09-01,276.12158203125,0.07927700132131577,74.51168060302734,7.16539192199707,502.5036315917969,387.0573425292969,3.1093509197235107,18.869083404541016,,5.6369500160217285,0.3055430054664612,2.3352599143981934,0.021385999396443367,,,60.012264251708984,,0.5057410001754761,0.9940930008888245,0.5995950102806091,0.010123999789357185,1.5274269580841064,9.731417655944824,0.01803099922835827,5.386094093322754,1.492069959640503,,23.98634910583496,0.3652290105819702,153.1479949951172,0.6882320046424866,,2282.429443359375,,1.2385419607162476,10.38353157043457,,,7.000000096013537e-06,0.07680399715900421,1.201861023902893,2.1802899837493896,0.2617410123348236,5.049012184143066,43.04572677612305,1.0006999969482422,43763.16015625,1.7614400386810303,1.2660030126571655,107.0044937133789
2021-10-01,314.173095703125,0.12014900147914886,138.29217529296875,9.843491554260254,596.2386474609375,524.3644409179688,3.671621084213257,17.675655364990234,,6.232741832733154,0.3151170015335083,4.426344871520996,0.02152100019156933,,,64.41033935546875,,0.5452309846878052,0.9926769733428955,0.825859010219574,0.014895999804139137,2.3263959884643555,10.851984977722168,0.12089800089597702,5.890820026397705,1.9891680479049683,,29.98500633239746,0.6287680268287659,191.81637573242188,2.8922600746154785,,2419.9208984375,,1.5711669921875,15.782676696777344,,,6.70000008540228e-05,0.09685999900102615,1.8471020460128784,2.441416025161743,0.35338300466537476,7.187646865844727,59.336368560791016,1.0023059844970703,61380.59375,1.6406710147857666,6.487277984619141,166.8091278076172
2021-11-01,257.100830078125,0.1481969952583313,137.14891052246094,7.726231098175049,570.5296630859375,622.6698608398438,3.0183990001678467,14.037175178527832,,5.162239074707031,0.2778579890727997,5.044846057891846,0.021598000079393387,0.2733139991760254,,53.76339340209961,,0.7380549907684326,0.9990659952163696,2.6686489582061768,0.012145999819040298,1.7488919496536255,13.529790878295898,0.16596299409866333,5.011496067047119,1.9495929479599,,25.341773986816406,2.768609046936035,208.01454162597656,4.635049819946289,,3057.101318359375,,1.3851159811019897,16.05374526977539,,,4.70000013592653e-05,0.10133200138807297,2.773798942565918,2.2737109661102295,0.3059920072555542,6.615837097167969,52.84986877441406,1.009781002998352,55833.16015625,1.4993820190429688,16.69527816772461,220.58216857910156
2021-12-01,255.11048889160156,0.10040000081062317,93.29644775390625,5.024292945861816,430.6395568847656,511.70831298828125,2.3864119052886963,11.774520874023438,0.07552599906921387,4.849937915802002,0.19935999810695648,5.345202922821045,0.021668000146746635,0.2559640109539032,39.01382827758789,34.27048110961914,,0.45576098561286926,0.9983220100402832,1.4893109798431396,0.00595200015231967,1.2216169834136963,8.24951171875,0.08543699979782104,3.947671890258789,1.285851001739502,,19.59232521057129,2.0934441089630127,146.51473999023438,3.2706708908081055,4.873791217803955,2337.19287109375,,1.0196590423583984,8.726381301879883,,,3.300000025774352e-05,0.0684799998998642,2.1680119037628174,2.0336670875549316,0.19171500205993652,4.714737892150879,33.1674690246582,1.0014400482177734,46434.09375,0.8821250200271606,9.503296852111816,146.56077575683594
2022-01-01,157.60316467285156,0.07963699847459793,52.27793884277344,3.4860711097717285,285.5392761230469,375.2773132324219,1.6506739854812622,7.391788005828857,0.0487929992377758,3.1699929237365723,0.1123720034956932,3.2972400188446045,0.02169799990952015,0.242467001080513,20.194473266601562,21.322904586791992,,0.3419469892978668,0.9985610246658325,0.9623759984970093,0.00431900005787611,0.7541599869728088,4.213630199432373,0.04595699906349182,3.2918550968170166,1.888427972793579,,17.240427017211914,1.0009310245513916,109.58769989013672,2.826870918273926,2.5157570838928223,2140.37744140625,,0.7821000218391418,6.078671932220459,,,2.099999983329326e-05,0.04952799901366234,1.4952919483184814,1.3697630167007446,0.17977599799633026,2.9461441040039062,20.507448196411133,0.9980310201644897,38464.19140625,0.6323040127754211,6.153210163116455,94.67217254638672
2022-02-01,145.80545043945312,0.07191599905490875,54.410911560058594,3.9256889820098877,337.12200927734375,395.6124267578125,1.4101910591125488,6.829714775085449,0.030254999175667763,2.643712043762207,0.1604660004377365,2.4398090839385986,0.021719999611377716,0.11657100170850754,15.379012107849121,21.672407150268555,,0.4737440049648285,0.9952600002288818,0.9758099913597107,0.00419399980455637,0.7044900059700012,5.642395973205566,0.018012000247836113,3.4065380096435547,2.413577079772949,,15.116470336914062,0.8223819732666016,113.47457885742188,2.8439700603485107,2.4060800075531006,1959.460205078125,,0.8109059929847717,6.48159122467041,,,2.5999999706982635e-05,0.056331001222133636,1.246029019355774,1.4140030145645142,0.1809229999780655,3.3508810997009277,21.11488914489746,1.0033420324325562,43153.66015625,0.4873009920120239,5.46225118637085,118.71488952636719
2022-03-01,206.27825927734375,0.09445899724960327,63.446510314941406,4.859426021575928,384.0443420410156,428.9161071777344,1.6970269680023193,8.800233840942383,0.04783499985933304,3.3054449558258057,0.19909299910068512,2.627007007598877,0.021781999617815018,0.07427500188350677,17.97757339477539,24.253955841064453,,0.5507599711418152,0.9950510263442993,1.203065037727356,0.005493999924510717,0.9895939826965332,5.915098190307617,0.0351720005273819,4.504872798919678,3.2542660236358643,,16.910993576049805,1.162356972694397,123.71601104736328,2.6094350814819336,2.664958953857422,2085.49072265625,,0.9659500122070312,8.264601707458496,,,2.5999999706982635e-05,0.07683300226926804,1.4413180351257324,1.562919020652771,0.2101600021123886,4.167612075805664,25.56845474243164,1.0012550354003906,45554.7265625,0.5131769776344299,4.60856819152832,178.0189971923828
2022-04-01,142.74085998535156,0.05992300063371658,29.099294662475586,2.9666619300842285,278.66888427734375,377.767822265625,1.1155019998550415,7.263587951660156,0.03661099821329117,2.3575680255889893,0.13503800332546234,2.002880096435547,0.021820999681949615,0.06513199955224991,20.525630950927734,14.33006763458252,,0.348237007856369,0.9969639778137207,0.7878999710083008,0.0035600000992417336,0.6094279885292053,3.6704580783843994,0.018131999298930168,4.348595142364502,4.896457195281982,,10.997047424316406,0.6824610233306885,96.16598510742188,1.430101990699768,1.6664769649505615,1452.4234619140625,,0.801908016204834,5.327552795410156,2717.825439453125,,1.9999999494757503e-05,0.05334100127220154,0.9228500127792358,0.9533630013465881,0.12772199511528015,2.213836908340454,14.454012870788574,0.9995669722557068,37657.30078125,0.3143030107021332,2.421152114868164,114.17083740234375
2022-05-01,113.12042236328125,0.03881299868226051,23.703899383544922,1.8147410154342651,203.65670776367188,320.485107421875,0.6914430260658264,4.64877986907959,0.02447899989783764,1.4844609498977661,0.08553700149059296,1.382200002670288,0.02184000052511692,0.08500699698925018,11.846111297607422,8.068272590637207,,0.27382099628448486,1.0017269849777222,0.5572819709777832,0.0022539999336004257,0.3994100093841553,2.2508790493011475,0.013559999875724316,2.9188120365142822,2.1868081092834473,,7.594669818878174,0.56461501121521,68.41138458251953,1.0858080387115479,1.0704890489578247,1318.66357421875,,0.5202280282974243,4.158361911773682,1938.7791748046875,,1.2000000424450263e-05,0.03790400177240372,0.5651990175247192,0.5157129764556885,0.06345000118017197,1.3410309553146362,11.755903244018555,0.021438999101519585,31772.119140625,0.27964699268341064,4.347299098968506,93.42597961425781
2022-06-01,56.96986389160156,0.02751000039279461,14.534268379211426,1.3072949647903442,102.73477935791016,219.3000946044922,0.46754199266433716,3.0481419563293457,0.017215000465512276,0.8597490191459656,0.05326100066304207,0.6825429797172546,0.021862000226974487,0.04828900098800659,8.591641426086426,5.388856887817383,,0.22699600458145142,1.0021040439605713,0.5175600051879883,0.0017359999474138021,0.27810800075531006,1.2368229627609253,0.00939400028437376,1.7689859867095947,1.2554759979248047,0.310371994972229,6.252963066101074,0.38428598642349243,53.64842987060547,0.8792340159416199,0.6807069778442383,901.7069702148438,0.1342409998178482,0.3980399966239929,2.81290602684021,1055.998779296875,,9.999999747378752e-06,0.02772199921309948,0.40674498677253723,0.38388100266456604,0.04738499969244003,1.188843011856079,10.583658218383789,0.046813998371362686,19708.6875,0.2189980000257492,2.8437509536743164,54.5836296081543
2022-07-01,97.96058654785156,0.030202999711036682,18.095510482788086,1.6813050508499146,139.98597717285156,283.5794677734375,0.5049570202827454,3.962804079055786,0.01597299985587597,1.0293200016021729,0.0547420009970665,1.3204209804534912,0.021928999572992325,0.03591899946331978,14.35737419128418,9.83788013458252,,0.2629919946193695,0.9960520267486572,0.5281580090522766,0.002259999979287386,0.3164840042591095,1.423545002937317,0.010328000411391258,1.8973640203475952,1.5459990501403809,0.278780996799469,7.666137218475342,0.4185810089111328,59.909507751464844,0.9766839742660522,0.9049500226974487,1102.2962646484375,0.1050340011715889,1.0164300203323364,4.068334102630615,1665.7657470703125,,1.2000000424450263e-05,0.03211800009012222,0.4428749978542328,0.4333229959011078,0.06097299978137016,1.3392219543457031,26.672277450561523,0.034956999123096466,23346.865234375,0.2938680052757263,2.4556009769439697,64.59300231933594
2022-08-01,84.92256927490234,0.0353889986872673,14.143588066101074,1.2748140096664429,115.3424072265625,279.23809814453125,0.4384300112724304,3.9284920692443848,0.015363999642431736,0.8269990086555481,0.050501998513936996,1.1470550298690796,0.02194800041615963,0.0475349985063076,12.453873634338379,5.74414587020874,,0.2442380040884018,0.9945899844169617,0.5603989958763123,0.0021009999327361584,0.27254199981689453,1.553279995918274,0.008590999990701675,1.783337950706482,1.7271939516067505,0.38731300830841064,6.630672931671143,0.3519879877567291,53.85666275024414,0.7729740142822266,0.712677001953125,764.153564453125,0.12772299349308014,0.5174800157546997,3.120616912841797,1536.0601806640625,,1.2000000424450263e-05,0.029225999489426613,0.3638159930706024,0.36857300996780396,0.0599219985306263,1.158113956451416,18.988327026367188,0.030688999220728874,20023.1015625,0.35870999097824097,2.1026110649108887,59.93559265136719
2022-09-01,74.51819610595703,0.03045699931681156,12.569149017333984,1.2249950170516968,120.04029846191406,284.1922912597656,0.36133700609207153,4.751070022583008,0.025601999834179878,0.7971950173377991,0.042233001440763474,0.9159520268440247,0.021980000659823418,0.04792400076985359,16.058420181274414,5.6842241287231445,,0.25995099544525146,1.000838041305542,0.4822070002555847,0.0019950000569224358,0.237186998128891,1.7008450031280518,0.0065750000067055225,1.5102989673614502,1.1765719652175903,0.3528189957141876,7.581145763397217,0.29609501361846924,53.397037506103516,0.6981409788131714,0.673471987247467,739.498779296875,0.22391100227832794,0.4752979874610901,2.84597110748291,1319.5146484375,,1.1000000085914508e-05,0.028178999200463295,0.3242979943752289,0.3547770082950592,0.053536999970674515,1.0743550062179565,16.3926944732666,0.031964998692274094,19427.693359375,0.2981809973716736,1.783324956893921,55.728694915771484
2022-10-01,83.95130157470703,0.029440000653266907,9.22150707244873,1.1839410066604614,115.10994720458984,326.3607177734375,0.32111701369285583,4.738883018493652,0.0505249984562397,0.7487090229988098,0.03813700005412102,0.8847529888153076,0.022041000425815582,0.03855099901556969,17.002729415893555,5.437129020690918,,0.27448299527168274,0.9996539950370789,0.4840039908885956,0.0016959999920800328,0.23407599329948425,2.423664093017578,0.005111000034958124,1.4581470489501953,0.9114350080490112,0.43710100650787354,7.861647129058838,0.27449899911880493,55.084434509277344,0.6728609800338745,0.7196030020713806,899.2866821289062,0.1616940051317215,0.5060700178146362,2.869143009185791,1552.7601318359375,,1.2000000424450263e-05,0.028588000684976578,0.0037249999586492777,0.32938799262046814,0.05721699818968773,1.1672589778900146,15.77188491821289,0.037755999714136124,20496.966796875,0.23125900328159332,1.249060034751892,52.62782669067383
2022-11-01,65.35313415527344,0.022861000150442123,7.01640510559082,1.9712580442428589,113.3907241821289,300.7943420410156,0.24118800461292267,3.9744551181793213,0.030618999153375626,0.6104230284690857,0.02907799929380417,0.6707059741020203,0.02108900062739849,0.036556001752614975,14.15349292755127,4.421574115753174,,0.22859300673007965,1.0048179626464844,0.3679470121860504,0.001690999954007566,0.20343199372291565,1.7646559476852417,0.004201999865472317,0.8868290185928345,0.717631995677948,0.38453900814056396,7.680302143096924,0.25466299057006836,79.2977066040039,0.41041499376296997,0.4375480115413666,661.37353515625,0.16413600742816925,0.3970400094985962,2.2395429611206055,1284.5758056640625,,9.000000318337698e-06,0.02317900024354458,0.0031999999191612005,0.2475620061159134,0.04882600158452988,0.9601479768753052,14.527077674865723,0.021422000601887703,17131.083984375,0.23305100202560425,0.4337939918041229,43.3351936340332
2022-12-01,51.97913360595703,0.015345999971032143,6.041957855224609,1.4073280096054077,97.0721435546875,246.3491973876953,0.157710999250412,3.179845094680786,0.02671400085091591,0.4736030101776123,0.021976999938488007,0.524823009967804,0.02208000048995018,0.026990000158548355,10.761791229248047,3.0091280937194824,,0.17801900207996368,0.984870970249176,0.25889599323272705,0.0006779999821446836,0.1412079930305481,1.271103024482727,0.0029440000653266907,0.5732110142707825,0.4549640119075775,0.5149149894714355,5.568657875061035,0.1877090036869049,69.9962158203125,0.2970130145549774,0.2642039954662323,510.5272216796875,0.11506900191307068,0.31203800439834595,1.8340890407562256,1181.4019775390625,,7.999999979801942e-06,0.018626999109983444,0.0030269999988377094,0.20187799632549286,0.03170999884605408,0.7217850089073181,12.172222137451172,0.019948000088334084,16499.876953125,0.1523900032043457,0.36412400007247925,37.344390869140625
2023-01-01,83.01890563964844,0.02573700062930584,10.90034294128418,2.1445770263671875,133.396728515625,312.3610534667969,0.2706330120563507,4.038540840148926,0.056999001652002335,0.7348889708518982,0.054611001163721085,1.0184990167617798,0.021563999354839325,0.02837200090289116,15.935358047485352,5.234281063079834,,0.23396700620651245,0.9860069751739502,0.3905180096626282,0.003640000009909272,0.20519499480724335,3.1598520278930664,0.005125999916344881,0.9526900053024292,0.7943480014801025,0.5346159934997559,6.952308177947998,0.3485560119152069,94.30811309814453,0.7507380247116089,0.3605149984359741,655.2039184570312,0.1828259974718094,0.4525949954986572,2.6885719299316406,1574.5162353515625,,1.2000000424450263e-05,0.026302000507712364,0.0026910000015050173,0.2833169996738434,0.05478300154209137,1.0259590148925781,15.474273681640625,0.024994999170303345,23091.787109375,0.26941201090812683,0.8050349950790405,45.195526123046875
2023-02-01,77.55482482910156,0.03907399997115135,9.607596397399902,1.9596329927444458,131.9375,301.4748229980469,0.26676398515701294,3.9260950088500977,0.3121449947357178,0.7499679923057556,0.19463799893856049,0.9928690195083618,0.0221599992364645,0.02214900031685829,15.20454216003418,6.472041130065918,1607.0361328125,0.265828013420105,0.9992390275001526,0.4505940079689026,0.0039969999343156815,0.24648700654506683,3.5183749198913574,0.005688000004738569,0.8514689803123474,0.8380770087242126,0.5123199820518494,7.1926960945129395,0.34671398997306824,93.79277801513672,0.6264879703521729,0.36998799443244934,791.4266357421875,0.20012299716472626,0.5128989815711975,3.2239949703216553,1605.6395263671875,1646.6424560546875,1.2000000424450263e-05,0.029890000820159912,0.0034260000102221966,0.31376099586486816,0.05979299917817116,1.126587986946106,17.440670013427734,0.026806000620126724,23113.357421875,0.30709099769592285,2.0943241119384766,43.07587432861328
2023-03-01,74.19947814941406,0.03477000072598457,8.388087272644043,1.871904969215393,124.0087890625,317.0400085449219,0.29525598883628845,3.7064549922943115,0.22973699867725372,0.6876350045204163,0.41341501474380493,0.9350720047950745,0.022628000006079674,0.03742099925875664,13.476765632629395,5.688201904296875,1820.47802734375,0.2410389930009842,1.008152961730957,0.4195510149002075,0.004889000207185745,0.22666700184345245,4.725226879119873,0.00523399980738759,0.8869339823722839,0.7288979887962341,0.6437159776687622,7.594569206237793,0.36061999201774597,89.68412780761719,0.5886359810829163,0.28811201453208923,686.9022827148438,0.16981999576091766,0.48556700348854065,3.1086831092834473,1813.5216064453125,1883.2686767578125,1.1000000085914508e-05,0.028783999383449554,0.004292000085115433,0.6509619951248169,0.05387699976563454,1.0424929857254028,14.825577735900879,0.02151999995112419,28495.279296875,0.28689199686050415,1.4011529684066772,38.753883361816406
2023-04-01,70.58737182617188,0.031022999435663223,7.936605930328369,1.7008700370788574,118.2165756225586,337.6455383300781,0.23789699375629425,2.680155038833618,0.3205519914627075,0.5974779725074768,0.3202120065689087,0.910968005657196,0.017573999240994453,0.03338000178337097,12.04236125946045,5.43885612487793,1877.4306640625,0.23490199446678162,1.0034019947052002,0.41090700030326843,0.0040779998525977135,0.2926720082759857,7.794994831085205,0.006661000195890665,0.7780969738960266,0.6943939924240112,2.118565082550049,7.052085876464844,0.3398759961128235,88.53362274169922,0.5455920100212097,0.2810870110988617,695.3102416992188,0.1818860024213791,0.4552220106124878,2.8468849658966064,1876.1356201171875,1941.654052734375,9.999999747378752e-06,0.027042999863624573,0.00407399982213974,0.5481870174407959,0.050599001348018646,0.9927089810371399,13.542247772216797,0.020566999912261963,29280.037109375,0.2535580098628998,1.263424038887024,37.70597457885742
2023-05-01,63.8609504699707,0.02549000084400177,6.869737148284912,1.3822540044784546,113.2657241821289,306.86669921875,0.18817199766635895,1.6351449489593506,0.2192399948835373,0.5029119849205017,0.2872749865055084,0.8172730207443237,0.0223619993776083,0.02268899977207184,9.998664855957031,4.690744876861572,1871.6319580078125,0.20554600656032562,0.9972180128097534,0.34409400820732117,0.0035459999926388264,0.23950199782848358,7.263261795043945,0.00456599984318018,1.0357719659805298,0.6084250211715698,3.5515129566192627,6.480094909667969,0.278670996427536,90.53900909423828,0.4635080099105835,0.21681800484657288,635.565673828125,0.14136900007724762,0.37731701135635376,2.624614953994751,1865.47119140625,1953.1241455078125,9.000000318337698e-06,0.023326000198721886,0.005061999894678593,0.41672900319099426,0.040839001536369324,0.8349819779396057,11.472180366516113,0.013492000289261341,27231.458984375,0.2179349958896637,0.7922109961509705,32.21173095703125
2023-06-01,70.4219741821289,0.022986000403761864,5.945703029632568,1.269642949104309,305.0069580078125,240.36978149414062,0.15319399535655975,1.5598959922790527,0.17680299282073975,0.45447900891304016,0.2020619958639145,0.7609230279922485,0.022391999140381813,0.01592399924993515,9.257107734680176,3.9503700733184814,1924.37744140625,0.1834689974784851,0.9943069815635681,0.3268299996852875,0.0033519999124109745,0.21070699393749237,8.03738784790039,0.004176000133156776,0.968733012676239,0.5638300180435181,1.429967999458313,6.3084540367126465,0.23135100305080414,108.16532897949219,0.38477200269699097,0.19098199903964996,830.7417602539062,0.12454500049352646,0.36686399579048157,2.676297903060913,1922.1602783203125,2037.9920654296875,7.999999979801942e-06,0.023603999987244606,0.0037620000075548887,0.3581959903240204,0.03680500015616417,0.7299209833145142,11.025053024291992,0.012244000099599361,30456.033203125,0.2600579857826233,0.6284030079841614,33.8129997253418
2023-07-01,65.32415771484375,0.025520000606775284,6.007070064544678,1.1893960237503052,248.18545532226562,241.1206512451172,0.1334259957075119,1.5527909994125366,0.25940001010894775,0.5217099785804749,0.17965200543403625,0.5679929852485657,0.022386999800801277,0.016982000321149826,9.557985305786133,4.257393836975098,1850.0308837890625,0.20760700106620789,0.9778820276260376,0.3684310019016266,0.00019500000053085387,0.21979600191116333,7.8640289306640625,0.0038850000128149986,0.8683300018310547,0.7293300032615662,1.3918570280075073,7.544678211212158,0.21635499596595764,92.24313354492188,0.38228800892829895,0.18861700594425201,1225.9825439453125,0.13560199737548828,0.39480501413345337,2.583268880844116,1847.924560546875,1946.75537109375,7.999999979801942e-06,0.02520200051367283,0.003531999886035919,0.34597399830818176,0.04220899939537048,0.7840359807014465,12.169733047485352,0.014864999800920486,29207.708984375,0.2991180121898651,0.615352988243103,30.29071617126465
2023-08-01,55.51651382446289,0.0186110008507967,4.662741184234619,1.0794990062713623,207.48777770996094,216.59779357910156,0.13131900131702423,1.2442400455474854,0.24341699481010437,0.43747401237487793,0.12461099773645401,0.45250099897384644,0.015615999698638916,0.015778999775648117,7.831421852111816,3.213697910308838,1644.29052734375,0.16340699791908264,0.9950960278511047,0.2754000127315521,0.00021699999342672527,0.1641470044851303,6.992265224456787,0.0036200000904500484,0.6567720174789429,0.5075579881668091,1.13680100440979,5.875496864318848,0.17928899824619293,63.951377868652344,0.29434099793434143,0.30928298830986023,1156.1719970703125,0.10519900172948837,0.32258498668670654,2.1599690914154053,1639.896240234375,1734.2562255859375,7.999999979801942e-06,0.02128399908542633,0.0032470000442117453,0.25175899267196655,0.03211500123143196,0.616927981376648,14.84042739868164,0.012006999924778938,25995.798828125,0.2168470025062561,0.5714060068130493,24.73604965209961
2023-09-01,64.8322525024414,0.019323840737342834,4.519830226898193,1.1643421649932861,243.5435791015625,216.3101043701172,0.1503341794013977,1.173458218574524,0.27202969789505005,0.45255371928215027,0.1256110817193985,0.5274844169616699,0.01909852959215641,0.018606407567858696,7.567033290863037,3.302541971206665,1645.5958251953125,0.1763208657503128,1.003948450088501,0.295431524515152,0.00021278091298881918,0.17391590774059296,7.249840259552002,0.003565449034795165,0.6295917630195618,0.7109330296516418,0.8453445434570312,7.902276992797852,0.1764267086982727,65.1017837524414,0.2994941174983978,0.35935819149017334,1519.1024169921875,0.11721201986074448,0.36202767491340637,2.2483224868774414,1647.2098388671875,1754.131103515625,7.321093562495662e-06,0.023221228271722794,0.0037733851931989193,0.2954070270061493,0.03321130946278572,0.6461803317070007,50.758026123046875,0.012922026216983795,26986.123046875,0.3200083076953888,0.9143984913825989,26.270517349243164
